[{"model": "admin.logentry", "pk": 1, "fields": {"action_time": "2022-01-25T21:03:45.897Z", "user": 1, "content_type": 15, "object_id": "1", "object_repr": "Question object (1)", "action_flag": 1, "change_message": "[{\"added\": {}}]"}}, {"model": "admin.logentry", "pk": 2, "fields": {"action_time": "2022-01-25T21:04:52.743Z", "user": 1, "content_type": 15, "object_id": "2", "object_repr": "Question object (2)", "action_flag": 1, "change_message": "[{\"added\": {}}]"}}, {"model": "admin.logentry", "pk": 3, "fields": {"action_time": "2022-01-25T21:24:56.139Z", "user": 1, "content_type": 8, "object_id": "1", "object_repr": "jameskelly33@gmail.com", "action_flag": 2, "change_message": "[{\"changed\": {\"fields\": [\"Verified\", \"Primary\"]}}]"}}, {"model": "admin.logentry", "pk": 4, "fields": {"action_time": "2022-01-25T21:26:10.764Z", "user": 1, "content_type": 14, "object_id": "1", "object_repr": "ge_full_time", "action_flag": 1, "change_message": "[{\"added\": {}}]"}}, {"model": "admin.logentry", "pk": 5, "fields": {"action_time": "2022-01-25T21:27:13.308Z", "user": 1, "content_type": 14, "object_id": "2", "object_repr": "ge_part_time", "action_flag": 1, "change_message": "[{\"added\": {}}]"}}, {"model": "admin.logentry", "pk": 6, "fields": {"action_time": "2022-01-25T21:27:36.993Z", "user": 1, "content_type": 13, "object_id": "1", "object_repr": "general", "action_flag": 1, "change_message": "[{\"added\": {}}]"}}, {"model": "admin.logentry", "pk": 7, "fields": {"action_time": "2022-01-25T21:27:56.792Z", "user": 1, "content_type": 13, "object_id": "2", "object_repr": "business", "action_flag": 1, "change_message": "[{\"added\": {}}]"}}, {"model": "admin.logentry", "pk": 8, "fields": {"action_time": "2022-01-25T21:28:06.909Z", "user": 1, "content_type": 13, "object_id": "3", "object_repr": "academic", "action_flag": 1, "change_message": "[{\"added\": {}}]"}}, {"model": "admin.logentry", "pk": 9, "fields": {"action_time": "2022-01-25T21:28:14.160Z", "user": 1, "content_type": 13, "object_id": "4", "object_repr": "under_16s", "action_flag": 1, "change_message": "[{\"added\": {}}]"}}, {"model": "admin.logentry", "pk": 10, "fields": {"action_time": "2022-01-25T21:35:13.571Z", "user": 1, "content_type": 14, "object_id": "2", "object_repr": "ge_part_time", "action_flag": 2, "change_message": "[{\"changed\": {\"fields\": [\"Course category\"]}}]"}}, {"model": "admin.logentry", "pk": 11, "fields": {"action_time": "2022-01-25T21:35:20.847Z", "user": 1, "content_type": 14, "object_id": "1", "object_repr": "ge_full_time", "action_flag": 2, "change_message": "[{\"changed\": {\"fields\": [\"Course category\"]}}]"}}, {"model": "admin.logentry", "pk": 12, "fields": {"action_time": "2022-01-27T15:00:29.578Z", "user": 1, "content_type": 15, "object_id": "3", "object_repr": "Question object (3)", "action_flag": 1, "change_message": "[{\"added\": {}}]"}}, {"model": "admin.logentry", "pk": 13, "fields": {"action_time": "2022-01-31T19:20:59.052Z", "user": 1, "content_type": 16, "object_id": "1", "object_repr": "Post object (1)", "action_flag": 1, "change_message": "[{\"added\": {}}]"}}, {"model": "admin.logentry", "pk": 14, "fields": {"action_time": "2022-01-31T19:39:55.027Z", "user": 1, "content_type": 16, "object_id": "2", "object_repr": "Post object (2)", "action_flag": 1, "change_message": "[{\"added\": {}}]"}}, {"model": "admin.logentry", "pk": 15, "fields": {"action_time": "2022-02-02T17:10:10.129Z", "user": 1, "content_type": 14, "object_id": "3", "object_repr": "be_full_time", "action_flag": 1, "change_message": "[{\"added\": {}}]"}}, {"model": "admin.logentry", "pk": 16, "fields": {"action_time": "2022-02-02T17:10:50.560Z", "user": 1, "content_type": 14, "object_id": "3", "object_repr": "be_full_time", "action_flag": 2, "change_message": "[{\"changed\": {\"fields\": [\"Course category\"]}}]"}}, {"model": "admin.logentry", "pk": 17, "fields": {"action_time": "2022-02-04T11:55:15.098Z", "user": 1, "content_type": 14, "object_id": "1", "object_repr": "ge_full_time", "action_flag": 2, "change_message": "[]"}}, {"model": "admin.logentry", "pk": 18, "fields": {"action_time": "2022-02-04T11:58:04.871Z", "user": 1, "content_type": 14, "object_id": "1", "object_repr": "ge_full_time", "action_flag": 2, "change_message": "[{\"changed\": {\"fields\": [\"Cost per week\"]}}]"}}, {"model": "admin.logentry", "pk": 19, "fields": {"action_time": "2022-02-04T11:58:10.192Z", "user": 1, "content_type": 14, "object_id": "1", "object_repr": "ge_full_time", "action_flag": 2, "change_message": "[]"}}, {"model": "admin.logentry", "pk": 20, "fields": {"action_time": "2022-02-04T11:58:19.819Z", "user": 1, "content_type": 14, "object_id": "2", "object_repr": "ge_part_time", "action_flag": 2, "change_message": "[{\"changed\": {\"fields\": [\"Cost per week\"]}}]"}}, {"model": "admin.logentry", "pk": 21, "fields": {"action_time": "2022-02-04T11:58:26.555Z", "user": 1, "content_type": 14, "object_id": "3", "object_repr": "be_full_time", "action_flag": 2, "change_message": "[{\"changed\": {\"fields\": [\"Cost per week\"]}}]"}}, {"model": "admin.logentry", "pk": 22, "fields": {"action_time": "2022-02-04T16:46:23.277Z", "user": 1, "content_type": 17, "object_id": "2", "object_repr": "E197406163D3405FA215A7B601540506", "action_flag": 3, "change_message": ""}}, {"model": "admin.logentry", "pk": 23, "fields": {"action_time": "2022-02-04T16:46:27.623Z", "user": 1, "content_type": 17, "object_id": "1", "object_repr": "3C867AAAAA1343F783E537C475896154", "action_flag": 3, "change_message": ""}}, {"model": "admin.logentry", "pk": 24, "fields": {"action_time": "2022-02-05T14:53:06.792Z", "user": 1, "content_type": 17, "object_id": "28", "object_repr": "FAB75A88663E4225AD18C622E6938BE1", "action_flag": 3, "change_message": ""}}, {"model": "admin.logentry", "pk": 25, "fields": {"action_time": "2022-02-05T14:53:06.803Z", "user": 1, "content_type": 17, "object_id": "27", "object_repr": "3FA7EE0E82454870A3BE4282D68A8ECA", "action_flag": 3, "change_message": ""}}, {"model": "admin.logentry", "pk": 26, "fields": {"action_time": "2022-02-05T14:53:06.806Z", "user": 1, "content_type": 17, "object_id": "26", "object_repr": "4D875326F6534CC5B2FBE2B2549D8EE7", "action_flag": 3, "change_message": ""}}, {"model": "admin.logentry", "pk": 27, "fields": {"action_time": "2022-02-05T14:53:06.809Z", "user": 1, "content_type": 17, "object_id": "25", "object_repr": "879B476FE966459B82ABF65FC276FE31", "action_flag": 3, "change_message": ""}}, {"model": "admin.logentry", "pk": 28, "fields": {"action_time": "2022-02-05T14:53:06.813Z", "user": 1, "content_type": 17, "object_id": "24", "object_repr": "8B0218CD40BF43A79BAD733C9D04FC98", "action_flag": 3, "change_message": ""}}, {"model": "admin.logentry", "pk": 29, "fields": {"action_time": "2022-02-05T14:53:06.816Z", "user": 1, "content_type": 17, "object_id": "23", "object_repr": "0B5C36432F3B4D3B8018251166CA7C1F", "action_flag": 3, "change_message": ""}}, {"model": "admin.logentry", "pk": 30, "fields": {"action_time": "2022-02-05T14:53:06.819Z", "user": 1, "content_type": 17, "object_id": "22", "object_repr": "4AF9D877822F4F388E383B5DDC456F50", "action_flag": 3, "change_message": ""}}, {"model": "admin.logentry", "pk": 31, "fields": {"action_time": "2022-02-05T14:53:06.822Z", "user": 1, "content_type": 17, "object_id": "21", "object_repr": "7F3B2C144FA2475C8E637FD5AF223C2B", "action_flag": 3, "change_message": ""}}, {"model": "admin.logentry", "pk": 32, "fields": {"action_time": "2022-02-05T14:53:06.825Z", "user": 1, "content_type": 17, "object_id": "20", "object_repr": "BA694EE1224D420EA3A2AEA03D1C3204", "action_flag": 3, "change_message": ""}}, {"model": "admin.logentry", "pk": 33, "fields": {"action_time": "2022-02-05T14:53:06.828Z", "user": 1, "content_type": 17, "object_id": "19", "object_repr": "84DBE0FFED264BEAAE586CEBF336AA1A", "action_flag": 3, "change_message": ""}}, {"model": "admin.logentry", "pk": 34, "fields": {"action_time": "2022-02-05T14:53:06.831Z", "user": 1, "content_type": 17, "object_id": "18", "object_repr": "11A946F7E752486981D69A566660D30D", "action_flag": 3, "change_message": ""}}, {"model": "admin.logentry", "pk": 35, "fields": {"action_time": "2022-02-05T14:53:06.834Z", "user": 1, "content_type": 17, "object_id": "17", "object_repr": "38FBE3414FA84D75A3A225B3ABE64567", "action_flag": 3, "change_message": ""}}, {"model": "admin.logentry", "pk": 36, "fields": {"action_time": "2022-02-05T14:53:06.837Z", "user": 1, "content_type": 17, "object_id": "16", "object_repr": "9A4B5D1C0C704029B3F1125946DEEF7F", "action_flag": 3, "change_message": ""}}, {"model": "admin.logentry", "pk": 37, "fields": {"action_time": "2022-02-05T14:53:06.840Z", "user": 1, "content_type": 17, "object_id": "15", "object_repr": "F95E98B62B384639873D454E61754A30", "action_flag": 3, "change_message": ""}}, {"model": "admin.logentry", "pk": 38, "fields": {"action_time": "2022-02-05T14:53:06.843Z", "user": 1, "content_type": 17, "object_id": "14", "object_repr": "3F3C7567BD284B8EB984FE48BD78DE53", "action_flag": 3, "change_message": ""}}, {"model": "admin.logentry", "pk": 39, "fields": {"action_time": "2022-02-05T14:53:06.846Z", "user": 1, "content_type": 17, "object_id": "13", "object_repr": "778C4185145C4EC9A0F225B475C626AB", "action_flag": 3, "change_message": ""}}, {"model": "admin.logentry", "pk": 40, "fields": {"action_time": "2022-02-05T14:53:06.849Z", "user": 1, "content_type": 17, "object_id": "12", "object_repr": "684F0181A38C443DB06E6AD5AC1801B8", "action_flag": 3, "change_message": ""}}, {"model": "admin.logentry", "pk": 41, "fields": {"action_time": "2022-02-05T14:53:06.852Z", "user": 1, "content_type": 17, "object_id": "11", "object_repr": "B7BA9D9F01AE4722A6DE5BB581C59538", "action_flag": 3, "change_message": ""}}, {"model": "admin.logentry", "pk": 42, "fields": {"action_time": "2022-02-05T14:53:06.855Z", "user": 1, "content_type": 17, "object_id": "10", "object_repr": "12CEE6E906834CE8828A3F90D52FE909", "action_flag": 3, "change_message": ""}}, {"model": "admin.logentry", "pk": 43, "fields": {"action_time": "2022-02-05T14:53:06.858Z", "user": 1, "content_type": 17, "object_id": "9", "object_repr": "E745081BE328409DB1AAB1D7714925D2", "action_flag": 3, "change_message": ""}}, {"model": "admin.logentry", "pk": 44, "fields": {"action_time": "2022-02-05T14:53:06.861Z", "user": 1, "content_type": 17, "object_id": "8", "object_repr": "9B9E2FFB356F40018B5C2890B520B48E", "action_flag": 3, "change_message": ""}}, {"model": "admin.logentry", "pk": 45, "fields": {"action_time": "2022-02-05T14:53:06.864Z", "user": 1, "content_type": 17, "object_id": "7", "object_repr": "C5CBBB11D83447DE91FAE91A66DF994A", "action_flag": 3, "change_message": ""}}, {"model": "admin.logentry", "pk": 46, "fields": {"action_time": "2022-02-05T14:53:06.866Z", "user": 1, "content_type": 17, "object_id": "6", "object_repr": "06CB6B50E1D243F7896ED551C4A1A906", "action_flag": 3, "change_message": ""}}, {"model": "admin.logentry", "pk": 47, "fields": {"action_time": "2022-02-05T14:53:06.869Z", "user": 1, "content_type": 17, "object_id": "5", "object_repr": "4B5A431913634984BAC85BFA4CCE3FF2", "action_flag": 3, "change_message": ""}}, {"model": "admin.logentry", "pk": 48, "fields": {"action_time": "2022-02-05T14:53:06.872Z", "user": 1, "content_type": 17, "object_id": "4", "object_repr": "264875A46F364CD0BD9C8D577745DBB6", "action_flag": 3, "change_message": ""}}, {"model": "admin.logentry", "pk": 49, "fields": {"action_time": "2022-02-05T14:53:06.875Z", "user": 1, "content_type": 17, "object_id": "3", "object_repr": "5E9412DD5D214F5292AA9D9D1CED8C8E", "action_flag": 3, "change_message": ""}}, {"model": "admin.logentry", "pk": 50, "fields": {"action_time": "2022-02-05T17:32:19.134Z", "user": 1, "content_type": 17, "object_id": "3", "object_repr": "AD663BE6750B497AB87FA1C19E0AC239", "action_flag": 3, "change_message": ""}}, {"model": "admin.logentry", "pk": 51, "fields": {"action_time": "2022-02-05T17:33:49.674Z", "user": 1, "content_type": 17, "object_id": "2", "object_repr": "2F92C595222749E7B7D9ABC9FB1C7C68", "action_flag": 3, "change_message": ""}}, {"model": "admin.logentry", "pk": 52, "fields": {"action_time": "2022-02-05T17:33:49.678Z", "user": 1, "content_type": 17, "object_id": "1", "object_repr": "F857829544D84C5CB207A8A6C6DB4599", "action_flag": 3, "change_message": ""}}, {"model": "admin.logentry", "pk": 53, "fields": {"action_time": "2022-02-05T19:06:30.522Z", "user": 1, "content_type": 17, "object_id": "18", "object_repr": "7409F55AD5FC4E9EB7C9FE522DA0D386", "action_flag": 3, "change_message": ""}}, {"model": "admin.logentry", "pk": 54, "fields": {"action_time": "2022-02-05T19:06:30.707Z", "user": 1, "content_type": 17, "object_id": "17", "object_repr": "89C7431922D04D84A2F72484897CD0BE", "action_flag": 3, "change_message": ""}}, {"model": "admin.logentry", "pk": 55, "fields": {"action_time": "2022-02-05T19:06:30.710Z", "user": 1, "content_type": 17, "object_id": "16", "object_repr": "3344E490B8454A4CA3876426340FE574", "action_flag": 3, "change_message": ""}}, {"model": "admin.logentry", "pk": 56, "fields": {"action_time": "2022-02-05T19:06:30.713Z", "user": 1, "content_type": 17, "object_id": "15", "object_repr": "CD270B2616B14B8E909D74DB19C81707", "action_flag": 3, "change_message": ""}}, {"model": "admin.logentry", "pk": 57, "fields": {"action_time": "2022-02-05T19:06:30.716Z", "user": 1, "content_type": 17, "object_id": "14", "object_repr": "B4DB821390534D5CBDE4F04F6E02BE37", "action_flag": 3, "change_message": ""}}, {"model": "admin.logentry", "pk": 58, "fields": {"action_time": "2022-02-05T19:06:30.719Z", "user": 1, "content_type": 17, "object_id": "13", "object_repr": "3CEE2C076EBD4215A9CCC744C3076401", "action_flag": 3, "change_message": ""}}, {"model": "admin.logentry", "pk": 59, "fields": {"action_time": "2022-02-05T19:06:30.721Z", "user": 1, "content_type": 17, "object_id": "12", "object_repr": "C4828FE32BAA450699637DB0FE29A75B", "action_flag": 3, "change_message": ""}}, {"model": "admin.logentry", "pk": 60, "fields": {"action_time": "2022-02-05T19:06:30.724Z", "user": 1, "content_type": 17, "object_id": "11", "object_repr": "979CC1FC66FA4FC98E73CA953589795E", "action_flag": 3, "change_message": ""}}, {"model": "admin.logentry", "pk": 61, "fields": {"action_time": "2022-02-05T19:06:30.727Z", "user": 1, "content_type": 17, "object_id": "10", "object_repr": "05D88F26481B40A5A67BFFB8493A43D1", "action_flag": 3, "change_message": ""}}, {"model": "admin.logentry", "pk": 62, "fields": {"action_time": "2022-02-05T19:06:30.730Z", "user": 1, "content_type": 17, "object_id": "9", "object_repr": "97587AED0B1547588B15BA8B621400BA", "action_flag": 3, "change_message": ""}}, {"model": "admin.logentry", "pk": 63, "fields": {"action_time": "2022-02-05T19:06:30.732Z", "user": 1, "content_type": 17, "object_id": "8", "object_repr": "8BB12CF6C1DB498A8142DFE8D6DDFCE7", "action_flag": 3, "change_message": ""}}, {"model": "admin.logentry", "pk": 64, "fields": {"action_time": "2022-02-05T19:06:30.735Z", "user": 1, "content_type": 17, "object_id": "7", "object_repr": "98EE2AAE606A4A37A21EDB95F93FE636", "action_flag": 3, "change_message": ""}}, {"model": "admin.logentry", "pk": 65, "fields": {"action_time": "2022-02-05T19:06:30.738Z", "user": 1, "content_type": 17, "object_id": "6", "object_repr": "903DE7F7CBA5498A91179F1C13D41D1F", "action_flag": 3, "change_message": ""}}, {"model": "admin.logentry", "pk": 66, "fields": {"action_time": "2022-02-05T19:06:30.740Z", "user": 1, "content_type": 17, "object_id": "5", "object_repr": "93EB27AE316F454DB96A1EF1A3061153", "action_flag": 3, "change_message": ""}}, {"model": "admin.logentry", "pk": 67, "fields": {"action_time": "2022-02-05T19:06:30.743Z", "user": 1, "content_type": 17, "object_id": "4", "object_repr": "35DAE8E55DC24CCD955E2FDC89359399", "action_flag": 3, "change_message": ""}}, {"model": "admin.logentry", "pk": 68, "fields": {"action_time": "2022-02-06T21:28:23.424Z", "user": 1, "content_type": 14, "object_id": "4", "object_repr": "u16_level_1", "action_flag": 1, "change_message": "[{\"added\": {}}]"}}, {"model": "admin.logentry", "pk": 69, "fields": {"action_time": "2022-02-09T12:07:27.647Z", "user": 1, "content_type": 17, "object_id": "57", "object_repr": "59162874412948F1820845B9E6C49D82", "action_flag": 3, "change_message": ""}}, {"model": "admin.logentry", "pk": 70, "fields": {"action_time": "2022-02-09T12:07:27.653Z", "user": 1, "content_type": 17, "object_id": "56", "object_repr": "6484D29E2F4240628C3901F4614E7154", "action_flag": 3, "change_message": ""}}, {"model": "admin.logentry", "pk": 71, "fields": {"action_time": "2022-02-09T12:07:27.656Z", "user": 1, "content_type": 17, "object_id": "55", "object_repr": "F1559748797C4B8D9C873A9FD2D37EB6", "action_flag": 3, "change_message": ""}}, {"model": "admin.logentry", "pk": 72, "fields": {"action_time": "2022-02-09T12:07:27.660Z", "user": 1, "content_type": 17, "object_id": "54", "object_repr": "BA2E00BD7CAD4E72B1ECB1027EAFF36F", "action_flag": 3, "change_message": ""}}, {"model": "admin.logentry", "pk": 73, "fields": {"action_time": "2022-02-09T12:07:27.663Z", "user": 1, "content_type": 17, "object_id": "53", "object_repr": "5CC72E1844244F35BC8A9B79EB46592C", "action_flag": 3, "change_message": ""}}, {"model": "admin.logentry", "pk": 74, "fields": {"action_time": "2022-02-09T12:07:27.666Z", "user": 1, "content_type": 17, "object_id": "52", "object_repr": "A480218DA7F64F4F822DE60DA620F68A", "action_flag": 3, "change_message": ""}}, {"model": "admin.logentry", "pk": 75, "fields": {"action_time": "2022-02-09T12:07:27.669Z", "user": 1, "content_type": 17, "object_id": "51", "object_repr": "F0E1E0A641E544339CE6C73ABE9D0361", "action_flag": 3, "change_message": ""}}, {"model": "admin.logentry", "pk": 76, "fields": {"action_time": "2022-02-09T12:07:27.673Z", "user": 1, "content_type": 17, "object_id": "50", "object_repr": "A3E1531F18B8426783819B791BA68402", "action_flag": 3, "change_message": ""}}, {"model": "admin.logentry", "pk": 77, "fields": {"action_time": "2022-02-09T12:07:27.677Z", "user": 1, "content_type": 17, "object_id": "49", "object_repr": "B462C7384D084F5BB4BCFF2E5FC01B1C", "action_flag": 3, "change_message": ""}}, {"model": "admin.logentry", "pk": 78, "fields": {"action_time": "2022-02-09T12:07:27.681Z", "user": 1, "content_type": 17, "object_id": "48", "object_repr": "F059146F3F7F46A3AD06631E951640C8", "action_flag": 3, "change_message": ""}}, {"model": "admin.logentry", "pk": 79, "fields": {"action_time": "2022-02-09T12:07:27.684Z", "user": 1, "content_type": 17, "object_id": "47", "object_repr": "E8828D5E33A7419C92F1C0423E1A070B", "action_flag": 3, "change_message": ""}}, {"model": "admin.logentry", "pk": 80, "fields": {"action_time": "2022-02-09T12:07:27.687Z", "user": 1, "content_type": 17, "object_id": "46", "object_repr": "2DA5E3CB6B5A4370B9A4629E53E29B68", "action_flag": 3, "change_message": ""}}, {"model": "admin.logentry", "pk": 81, "fields": {"action_time": "2022-02-09T12:07:27.691Z", "user": 1, "content_type": 17, "object_id": "45", "object_repr": "BBE27BE36D54409D95F7F4DB45C7B2F7", "action_flag": 3, "change_message": ""}}, {"model": "admin.logentry", "pk": 82, "fields": {"action_time": "2022-02-09T12:07:27.694Z", "user": 1, "content_type": 17, "object_id": "44", "object_repr": "68C6AE93C34941DC92FA0301F02AC767", "action_flag": 3, "change_message": ""}}, {"model": "admin.logentry", "pk": 83, "fields": {"action_time": "2022-02-09T12:07:27.698Z", "user": 1, "content_type": 17, "object_id": "43", "object_repr": "941162735BB94AD1AC8673026B16D53D", "action_flag": 3, "change_message": ""}}, {"model": "admin.logentry", "pk": 84, "fields": {"action_time": "2022-02-09T12:07:27.702Z", "user": 1, "content_type": 17, "object_id": "42", "object_repr": "FE34BB6CE3BD4B79BC5DD1F6C45FD9F6", "action_flag": 3, "change_message": ""}}, {"model": "admin.logentry", "pk": 85, "fields": {"action_time": "2022-02-09T12:07:27.705Z", "user": 1, "content_type": 17, "object_id": "41", "object_repr": "3C15B613133C43868C65188329346D94", "action_flag": 3, "change_message": ""}}, {"model": "admin.logentry", "pk": 86, "fields": {"action_time": "2022-02-09T12:07:27.708Z", "user": 1, "content_type": 17, "object_id": "40", "object_repr": "FF73D3B4634F4CFEA5D7072B5F6D6C5A", "action_flag": 3, "change_message": ""}}, {"model": "admin.logentry", "pk": 87, "fields": {"action_time": "2022-02-09T12:07:27.711Z", "user": 1, "content_type": 17, "object_id": "39", "object_repr": "E14F34221FFE4A55BE6737A378DA2355", "action_flag": 3, "change_message": ""}}, {"model": "admin.logentry", "pk": 88, "fields": {"action_time": "2022-02-09T12:07:27.714Z", "user": 1, "content_type": 17, "object_id": "38", "object_repr": "A682460E67764B9093C4E81EDC75EE1A", "action_flag": 3, "change_message": ""}}, {"model": "admin.logentry", "pk": 89, "fields": {"action_time": "2022-02-09T12:07:27.718Z", "user": 1, "content_type": 17, "object_id": "37", "object_repr": "18005E48691F4288A675D223A5EEA760", "action_flag": 3, "change_message": ""}}, {"model": "admin.logentry", "pk": 90, "fields": {"action_time": "2022-02-09T12:07:27.721Z", "user": 1, "content_type": 17, "object_id": "36", "object_repr": "1C5E8798A0D64F05A5BF61A295229CD4", "action_flag": 3, "change_message": ""}}, {"model": "admin.logentry", "pk": 91, "fields": {"action_time": "2022-02-09T12:07:27.724Z", "user": 1, "content_type": 17, "object_id": "35", "object_repr": "11D1AD3C05B046619D3584C827719BD9", "action_flag": 3, "change_message": ""}}, {"model": "admin.logentry", "pk": 92, "fields": {"action_time": "2022-02-09T12:07:27.727Z", "user": 1, "content_type": 17, "object_id": "34", "object_repr": "76B05D61EACE49C8B912A708E292B459", "action_flag": 3, "change_message": ""}}, {"model": "admin.logentry", "pk": 93, "fields": {"action_time": "2022-02-09T12:07:27.731Z", "user": 1, "content_type": 17, "object_id": "33", "object_repr": "776D79F5CDBB4222B633BF32B35D4E4E", "action_flag": 3, "change_message": ""}}, {"model": "admin.logentry", "pk": 94, "fields": {"action_time": "2022-02-09T12:07:27.734Z", "user": 1, "content_type": 17, "object_id": "32", "object_repr": "F296D500AF8446DEA5B6F44D6F7AEB29", "action_flag": 3, "change_message": ""}}, {"model": "admin.logentry", "pk": 95, "fields": {"action_time": "2022-02-09T12:07:27.737Z", "user": 1, "content_type": 17, "object_id": "31", "object_repr": "6CDC111487C140CEB1CAC83B4A0B2916", "action_flag": 3, "change_message": ""}}, {"model": "admin.logentry", "pk": 96, "fields": {"action_time": "2022-02-09T12:07:27.741Z", "user": 1, "content_type": 17, "object_id": "30", "object_repr": "2BE87C476E4A4BD2ADB7F15B8D22C04B", "action_flag": 3, "change_message": ""}}, {"model": "admin.logentry", "pk": 97, "fields": {"action_time": "2022-02-09T12:07:27.744Z", "user": 1, "content_type": 17, "object_id": "29", "object_repr": "8085CC11176F4818805440FDAB09D8C0", "action_flag": 3, "change_message": ""}}, {"model": "admin.logentry", "pk": 98, "fields": {"action_time": "2022-02-09T12:07:27.747Z", "user": 1, "content_type": 17, "object_id": "28", "object_repr": "B88D17590427467E9214604AFFC20F3C", "action_flag": 3, "change_message": ""}}, {"model": "admin.logentry", "pk": 99, "fields": {"action_time": "2022-02-09T12:07:27.751Z", "user": 1, "content_type": 17, "object_id": "27", "object_repr": "C9EB70EE130E4678BB2DDD8B83E5BCCA", "action_flag": 3, "change_message": ""}}, {"model": "admin.logentry", "pk": 100, "fields": {"action_time": "2022-02-09T12:07:27.754Z", "user": 1, "content_type": 17, "object_id": "26", "object_repr": "F6FA22BAF2AA4F9DBD60F4FC1A9B7A8E", "action_flag": 3, "change_message": ""}}, {"model": "admin.logentry", "pk": 101, "fields": {"action_time": "2022-02-09T12:07:27.757Z", "user": 1, "content_type": 17, "object_id": "25", "object_repr": "4E0D3FAD65FB471A818BE5A1EAA4403D", "action_flag": 3, "change_message": ""}}, {"model": "admin.logentry", "pk": 102, "fields": {"action_time": "2022-02-09T12:07:27.761Z", "user": 1, "content_type": 17, "object_id": "24", "object_repr": "2BA8AA6E8B544F1E83061E9F2F5BFDD1", "action_flag": 3, "change_message": ""}}, {"model": "admin.logentry", "pk": 103, "fields": {"action_time": "2022-02-09T12:07:27.764Z", "user": 1, "content_type": 17, "object_id": "23", "object_repr": "642FBA58E50D4085BC0AF61DA72F222F", "action_flag": 3, "change_message": ""}}, {"model": "admin.logentry", "pk": 104, "fields": {"action_time": "2022-02-09T12:07:27.768Z", "user": 1, "content_type": 17, "object_id": "22", "object_repr": "696435068C0B41CB8917CFEF6EAE2F64", "action_flag": 3, "change_message": ""}}, {"model": "admin.logentry", "pk": 105, "fields": {"action_time": "2022-02-09T12:07:27.771Z", "user": 1, "content_type": 17, "object_id": "21", "object_repr": "AEC87F0031E4492E92854DCC24328DCA", "action_flag": 3, "change_message": ""}}, {"model": "admin.logentry", "pk": 106, "fields": {"action_time": "2022-02-09T12:07:27.775Z", "user": 1, "content_type": 17, "object_id": "20", "object_repr": "F5C8A7871E4341F49C455AD7AD3B1C40", "action_flag": 3, "change_message": ""}}, {"model": "admin.logentry", "pk": 107, "fields": {"action_time": "2022-02-09T12:07:27.778Z", "user": 1, "content_type": 17, "object_id": "19", "object_repr": "95E09288F3D34E458E7742392DC687D6", "action_flag": 3, "change_message": ""}}, {"model": "admin.logentry", "pk": 108, "fields": {"action_time": "2022-02-09T17:46:25.363Z", "user": 1, "content_type": 17, "object_id": "87", "object_repr": "D836A5EED0D6458DAA2AE529B468FAF8", "action_flag": 3, "change_message": ""}}, {"model": "admin.logentry", "pk": 109, "fields": {"action_time": "2022-02-09T17:46:25.369Z", "user": 1, "content_type": 17, "object_id": "86", "object_repr": "CE3B0D0EC92845FFB9180902BDDD054F", "action_flag": 3, "change_message": ""}}, {"model": "admin.logentry", "pk": 110, "fields": {"action_time": "2022-02-09T17:46:25.373Z", "user": 1, "content_type": 17, "object_id": "85", "object_repr": "D5CCB176F712473EAC288E6EC470594D", "action_flag": 3, "change_message": ""}}, {"model": "admin.logentry", "pk": 111, "fields": {"action_time": "2022-02-09T17:46:25.377Z", "user": 1, "content_type": 17, "object_id": "84", "object_repr": "459E422FAC4E418C99864E4CA2896A78", "action_flag": 3, "change_message": ""}}, {"model": "admin.logentry", "pk": 112, "fields": {"action_time": "2022-02-09T17:46:25.381Z", "user": 1, "content_type": 17, "object_id": "83", "object_repr": "DB4FB8E77F8A478688884AFD8155B5E3", "action_flag": 3, "change_message": ""}}, {"model": "admin.logentry", "pk": 113, "fields": {"action_time": "2022-02-09T17:46:25.385Z", "user": 1, "content_type": 17, "object_id": "82", "object_repr": "1333D7E23A584C8AB0FAEC6AC84603BD", "action_flag": 3, "change_message": ""}}, {"model": "admin.logentry", "pk": 114, "fields": {"action_time": "2022-02-09T17:46:25.389Z", "user": 1, "content_type": 17, "object_id": "81", "object_repr": "630A6A8E845A410DBCD644C6C68FB049", "action_flag": 3, "change_message": ""}}, {"model": "admin.logentry", "pk": 115, "fields": {"action_time": "2022-02-09T17:46:25.393Z", "user": 1, "content_type": 17, "object_id": "80", "object_repr": "2FC87A7F72DD4CBC9ADAA0E342F4967A", "action_flag": 3, "change_message": ""}}, {"model": "admin.logentry", "pk": 116, "fields": {"action_time": "2022-02-09T17:46:25.396Z", "user": 1, "content_type": 17, "object_id": "79", "object_repr": "064FAE05A44F4FC5880050A787D8EA3B", "action_flag": 3, "change_message": ""}}, {"model": "admin.logentry", "pk": 117, "fields": {"action_time": "2022-02-09T17:46:25.399Z", "user": 1, "content_type": 17, "object_id": "78", "object_repr": "53E0BF2BF9204832919DCB8A8FD13543", "action_flag": 3, "change_message": ""}}, {"model": "admin.logentry", "pk": 118, "fields": {"action_time": "2022-02-09T17:46:25.403Z", "user": 1, "content_type": 17, "object_id": "77", "object_repr": "90DC258563594253A9DAAB05BFAA81AD", "action_flag": 3, "change_message": ""}}, {"model": "admin.logentry", "pk": 119, "fields": {"action_time": "2022-02-09T17:46:25.407Z", "user": 1, "content_type": 17, "object_id": "76", "object_repr": "31BAC2BB9DB6451BA2CA8EB518F55C4C", "action_flag": 3, "change_message": ""}}, {"model": "admin.logentry", "pk": 120, "fields": {"action_time": "2022-02-09T17:46:25.412Z", "user": 1, "content_type": 17, "object_id": "75", "object_repr": "5BD831D93AE043BFB095954BD3D618B0", "action_flag": 3, "change_message": ""}}, {"model": "admin.logentry", "pk": 121, "fields": {"action_time": "2022-02-09T17:46:25.416Z", "user": 1, "content_type": 17, "object_id": "74", "object_repr": "24277F348B224CA5876950FD12C93840", "action_flag": 3, "change_message": ""}}, {"model": "admin.logentry", "pk": 122, "fields": {"action_time": "2022-02-09T17:46:25.419Z", "user": 1, "content_type": 17, "object_id": "73", "object_repr": "6A9793C4B5014ABBB99C5F7B934C6E83", "action_flag": 3, "change_message": ""}}, {"model": "admin.logentry", "pk": 123, "fields": {"action_time": "2022-02-09T17:46:25.423Z", "user": 1, "content_type": 17, "object_id": "72", "object_repr": "B50596E95CB14BD7B610A85D7149E57E", "action_flag": 3, "change_message": ""}}, {"model": "admin.logentry", "pk": 124, "fields": {"action_time": "2022-02-09T17:46:25.428Z", "user": 1, "content_type": 17, "object_id": "71", "object_repr": "80DC5E4A9E9E463798DD14F4BF29D691", "action_flag": 3, "change_message": ""}}, {"model": "admin.logentry", "pk": 125, "fields": {"action_time": "2022-02-09T17:46:25.432Z", "user": 1, "content_type": 17, "object_id": "70", "object_repr": "9709324CAE46437795E66D49E9A9BC39", "action_flag": 3, "change_message": ""}}, {"model": "admin.logentry", "pk": 126, "fields": {"action_time": "2022-02-09T17:46:25.436Z", "user": 1, "content_type": 17, "object_id": "69", "object_repr": "35D69A7DE77846CAB0A787E609F189AE", "action_flag": 3, "change_message": ""}}, {"model": "admin.logentry", "pk": 127, "fields": {"action_time": "2022-02-09T17:46:25.440Z", "user": 1, "content_type": 17, "object_id": "68", "object_repr": "D8F444B2B9D34000949577098C658F7E", "action_flag": 3, "change_message": ""}}, {"model": "admin.logentry", "pk": 128, "fields": {"action_time": "2022-02-09T17:46:25.444Z", "user": 1, "content_type": 17, "object_id": "67", "object_repr": "EB0142C09B9D446CB9AA5E638D2BDD71", "action_flag": 3, "change_message": ""}}, {"model": "admin.logentry", "pk": 129, "fields": {"action_time": "2022-02-09T17:46:25.448Z", "user": 1, "content_type": 17, "object_id": "66", "object_repr": "4A5C42A02D244055A15715A6CE294B66", "action_flag": 3, "change_message": ""}}, {"model": "admin.logentry", "pk": 130, "fields": {"action_time": "2022-02-09T17:46:25.452Z", "user": 1, "content_type": 17, "object_id": "65", "object_repr": "3938E23E29AA43D98D78C117F327EA60", "action_flag": 3, "change_message": ""}}, {"model": "admin.logentry", "pk": 131, "fields": {"action_time": "2022-02-09T17:46:25.456Z", "user": 1, "content_type": 17, "object_id": "64", "object_repr": "6DBFA0EF5B3B4AD9B0C6CD198451A52B", "action_flag": 3, "change_message": ""}}, {"model": "admin.logentry", "pk": 132, "fields": {"action_time": "2022-02-09T17:46:25.460Z", "user": 1, "content_type": 17, "object_id": "63", "object_repr": "4B48AF9695334C8487FA998CC5A525AF", "action_flag": 3, "change_message": ""}}, {"model": "admin.logentry", "pk": 133, "fields": {"action_time": "2022-02-09T17:46:25.464Z", "user": 1, "content_type": 17, "object_id": "62", "object_repr": "989C999BADF548F096C396943860687D", "action_flag": 3, "change_message": ""}}, {"model": "admin.logentry", "pk": 134, "fields": {"action_time": "2022-02-09T17:46:25.468Z", "user": 1, "content_type": 17, "object_id": "61", "object_repr": "CEDA473A91D1403B8B12CCA50DE316E8", "action_flag": 3, "change_message": ""}}, {"model": "admin.logentry", "pk": 135, "fields": {"action_time": "2022-02-09T17:46:25.472Z", "user": 1, "content_type": 17, "object_id": "60", "object_repr": "24B20515E47D43C7A9E2F4CDC633F23F", "action_flag": 3, "change_message": ""}}, {"model": "admin.logentry", "pk": 136, "fields": {"action_time": "2022-02-09T17:46:25.476Z", "user": 1, "content_type": 17, "object_id": "59", "object_repr": "988EF2500A1441E689509AFC46A7AEEC", "action_flag": 3, "change_message": ""}}, {"model": "admin.logentry", "pk": 137, "fields": {"action_time": "2022-02-09T17:46:25.480Z", "user": 1, "content_type": 17, "object_id": "58", "object_repr": "BC39A8169D7D4C6499434578923098CA", "action_flag": 3, "change_message": ""}}, {"model": "admin.logentry", "pk": 138, "fields": {"action_time": "2022-02-09T18:37:23.906Z", "user": 1, "content_type": 17, "object_id": "90", "object_repr": "51DB970612814499B60E57B3ACB5948A", "action_flag": 3, "change_message": ""}}, {"model": "admin.logentry", "pk": 139, "fields": {"action_time": "2022-02-09T18:37:23.912Z", "user": 1, "content_type": 17, "object_id": "89", "object_repr": "90CD862164E542F0BEEAA87899F18119", "action_flag": 3, "change_message": ""}}, {"model": "admin.logentry", "pk": 140, "fields": {"action_time": "2022-02-09T18:37:23.916Z", "user": 1, "content_type": 17, "object_id": "88", "object_repr": "C7A04F00E72F48E48940F15ADD69D0BC", "action_flag": 3, "change_message": ""}}, {"model": "admin.logentry", "pk": 141, "fields": {"action_time": "2022-02-12T21:10:01.427Z", "user": 1, "content_type": 17, "object_id": "202", "object_repr": "E3B519C779C844CBAB92EEDA19BC7453", "action_flag": 3, "change_message": ""}}, {"model": "admin.logentry", "pk": 142, "fields": {"action_time": "2022-02-12T21:10:01.433Z", "user": 1, "content_type": 17, "object_id": "201", "object_repr": "02B47808BE8B4707BD16C489135B9899", "action_flag": 3, "change_message": ""}}, {"model": "admin.logentry", "pk": 143, "fields": {"action_time": "2022-02-12T21:10:01.438Z", "user": 1, "content_type": 17, "object_id": "200", "object_repr": "76068977B1AC42558CC8A1D50FD125AD", "action_flag": 3, "change_message": ""}}, {"model": "admin.logentry", "pk": 144, "fields": {"action_time": "2022-02-12T21:10:01.442Z", "user": 1, "content_type": 17, "object_id": "199", "object_repr": "1EB9FB4BB1084287845084287C9C07EB", "action_flag": 3, "change_message": ""}}, {"model": "admin.logentry", "pk": 145, "fields": {"action_time": "2022-02-12T21:10:01.446Z", "user": 1, "content_type": 17, "object_id": "198", "object_repr": "68B2160F7F0B445A9BEC0979BCCDEF1B", "action_flag": 3, "change_message": ""}}, {"model": "admin.logentry", "pk": 146, "fields": {"action_time": "2022-02-12T21:10:01.451Z", "user": 1, "content_type": 17, "object_id": "197", "object_repr": "8AA2A101D79E4193813EC9BB6F3F4736", "action_flag": 3, "change_message": ""}}, {"model": "admin.logentry", "pk": 147, "fields": {"action_time": "2022-02-12T21:10:01.454Z", "user": 1, "content_type": 17, "object_id": "196", "object_repr": "EFFD95C5BCD7441D9ACEE3E7CD22DD61", "action_flag": 3, "change_message": ""}}, {"model": "admin.logentry", "pk": 148, "fields": {"action_time": "2022-02-12T21:10:01.459Z", "user": 1, "content_type": 17, "object_id": "195", "object_repr": "4531C3F9ADB744B496F7E7EE861D9CA6", "action_flag": 3, "change_message": ""}}, {"model": "admin.logentry", "pk": 149, "fields": {"action_time": "2022-02-12T21:10:01.463Z", "user": 1, "content_type": 17, "object_id": "194", "object_repr": "2A86D7DAF989493D952696E9E085FC03", "action_flag": 3, "change_message": ""}}, {"model": "admin.logentry", "pk": 150, "fields": {"action_time": "2022-02-12T21:10:01.471Z", "user": 1, "content_type": 17, "object_id": "193", "object_repr": "F06373F8A2694C56AE6006BB2E4749E2", "action_flag": 3, "change_message": ""}}, {"model": "admin.logentry", "pk": 151, "fields": {"action_time": "2022-02-12T21:10:01.478Z", "user": 1, "content_type": 17, "object_id": "192", "object_repr": "6D3EE961C2D5429AB8AC587FA7309436", "action_flag": 3, "change_message": ""}}, {"model": "admin.logentry", "pk": 152, "fields": {"action_time": "2022-02-12T21:10:01.483Z", "user": 1, "content_type": 17, "object_id": "191", "object_repr": "816C3705E51E419082BF5CEF7AC9B334", "action_flag": 3, "change_message": ""}}, {"model": "admin.logentry", "pk": 153, "fields": {"action_time": "2022-02-12T21:10:01.487Z", "user": 1, "content_type": 17, "object_id": "190", "object_repr": "4F0E7BC7A9DE425F94C614E69EE94FBD", "action_flag": 3, "change_message": ""}}, {"model": "admin.logentry", "pk": 154, "fields": {"action_time": "2022-02-12T21:10:01.491Z", "user": 1, "content_type": 17, "object_id": "189", "object_repr": "0E1DCC6C57BB4A358F3F1B421CF73967", "action_flag": 3, "change_message": ""}}, {"model": "admin.logentry", "pk": 155, "fields": {"action_time": "2022-02-12T21:10:01.495Z", "user": 1, "content_type": 17, "object_id": "188", "object_repr": "17011B6D10B3429DBB738579DC815D0A", "action_flag": 3, "change_message": ""}}, {"model": "admin.logentry", "pk": 156, "fields": {"action_time": "2022-02-12T21:10:01.500Z", "user": 1, "content_type": 17, "object_id": "187", "object_repr": "B0286B68E5CC4DD691AD2DE3844E1092", "action_flag": 3, "change_message": ""}}, {"model": "admin.logentry", "pk": 157, "fields": {"action_time": "2022-02-12T21:10:01.504Z", "user": 1, "content_type": 17, "object_id": "186", "object_repr": "8E9C3F0B58DE4B85A74D9D92CC6FC923", "action_flag": 3, "change_message": ""}}, {"model": "admin.logentry", "pk": 158, "fields": {"action_time": "2022-02-12T21:10:01.508Z", "user": 1, "content_type": 17, "object_id": "185", "object_repr": "694C3CB155D94792AD0BE26FCEC40BB1", "action_flag": 3, "change_message": ""}}, {"model": "admin.logentry", "pk": 159, "fields": {"action_time": "2022-02-12T21:10:01.513Z", "user": 1, "content_type": 17, "object_id": "184", "object_repr": "95444E80F47B4694807851D5E0F38604", "action_flag": 3, "change_message": ""}}, {"model": "admin.logentry", "pk": 160, "fields": {"action_time": "2022-02-12T21:10:01.517Z", "user": 1, "content_type": 17, "object_id": "183", "object_repr": "308E15EFA29547089AB22D3F61E50126", "action_flag": 3, "change_message": ""}}, {"model": "admin.logentry", "pk": 161, "fields": {"action_time": "2022-02-12T21:10:01.522Z", "user": 1, "content_type": 17, "object_id": "182", "object_repr": "2F73CEAE14254499A2FCAABFD312DD03", "action_flag": 3, "change_message": ""}}, {"model": "admin.logentry", "pk": 162, "fields": {"action_time": "2022-02-12T21:10:01.526Z", "user": 1, "content_type": 17, "object_id": "181", "object_repr": "851805BB8F6C427D97283740C0530974", "action_flag": 3, "change_message": ""}}, {"model": "admin.logentry", "pk": 163, "fields": {"action_time": "2022-02-12T21:10:01.530Z", "user": 1, "content_type": 17, "object_id": "180", "object_repr": "40998E4A70B34626BF1551029484ED49", "action_flag": 3, "change_message": ""}}, {"model": "admin.logentry", "pk": 164, "fields": {"action_time": "2022-02-12T21:10:01.533Z", "user": 1, "content_type": 17, "object_id": "179", "object_repr": "ECFA3EAAAC794C3A9953CBDCCB4B01A2", "action_flag": 3, "change_message": ""}}, {"model": "admin.logentry", "pk": 165, "fields": {"action_time": "2022-02-12T21:10:01.537Z", "user": 1, "content_type": 17, "object_id": "178", "object_repr": "3588659F9456477CA7BFE840B5D627C5", "action_flag": 3, "change_message": ""}}, {"model": "admin.logentry", "pk": 166, "fields": {"action_time": "2022-02-12T21:10:01.541Z", "user": 1, "content_type": 17, "object_id": "177", "object_repr": "39FB0287A44641BB8989E112D585116E", "action_flag": 3, "change_message": ""}}, {"model": "admin.logentry", "pk": 167, "fields": {"action_time": "2022-02-12T21:10:01.545Z", "user": 1, "content_type": 17, "object_id": "176", "object_repr": "59FFF7BED01D43968DCAE0684C4F583F", "action_flag": 3, "change_message": ""}}, {"model": "admin.logentry", "pk": 168, "fields": {"action_time": "2022-02-12T21:10:01.549Z", "user": 1, "content_type": 17, "object_id": "175", "object_repr": "D08D78EDEA8C4B75B9B305D5B7CE35A7", "action_flag": 3, "change_message": ""}}, {"model": "admin.logentry", "pk": 169, "fields": {"action_time": "2022-02-12T21:10:01.553Z", "user": 1, "content_type": 17, "object_id": "174", "object_repr": "E22A8976A9DC4B369F355EFEF91CEF0C", "action_flag": 3, "change_message": ""}}, {"model": "admin.logentry", "pk": 170, "fields": {"action_time": "2022-02-12T21:10:01.557Z", "user": 1, "content_type": 17, "object_id": "173", "object_repr": "7D9F540FA7364EC18CCC353CE76E99CD", "action_flag": 3, "change_message": ""}}, {"model": "admin.logentry", "pk": 171, "fields": {"action_time": "2022-02-12T21:10:01.560Z", "user": 1, "content_type": 17, "object_id": "172", "object_repr": "C0F835743D3E48138276A80BD1194042", "action_flag": 3, "change_message": ""}}, {"model": "admin.logentry", "pk": 172, "fields": {"action_time": "2022-02-12T21:10:01.564Z", "user": 1, "content_type": 17, "object_id": "171", "object_repr": "8C6136F3E49444A48D21C281AA57915E", "action_flag": 3, "change_message": ""}}, {"model": "admin.logentry", "pk": 173, "fields": {"action_time": "2022-02-12T21:10:01.570Z", "user": 1, "content_type": 17, "object_id": "170", "object_repr": "FF6C77D6F8A04046A8A4461C0485E539", "action_flag": 3, "change_message": ""}}, {"model": "admin.logentry", "pk": 174, "fields": {"action_time": "2022-02-12T21:10:01.577Z", "user": 1, "content_type": 17, "object_id": "169", "object_repr": "A331F39403D64B94B95EC5BFC4E21D67", "action_flag": 3, "change_message": ""}}, {"model": "admin.logentry", "pk": 175, "fields": {"action_time": "2022-02-12T21:10:01.583Z", "user": 1, "content_type": 17, "object_id": "168", "object_repr": "2A57B969932D41149672C831523F67BF", "action_flag": 3, "change_message": ""}}, {"model": "admin.logentry", "pk": 176, "fields": {"action_time": "2022-02-12T21:10:01.589Z", "user": 1, "content_type": 17, "object_id": "167", "object_repr": "9A451F3CF6424E14B4E98214C0C9192B", "action_flag": 3, "change_message": ""}}, {"model": "admin.logentry", "pk": 177, "fields": {"action_time": "2022-02-12T21:10:01.593Z", "user": 1, "content_type": 17, "object_id": "166", "object_repr": "4070C59CB3C843589A28BD438FDE2C15", "action_flag": 3, "change_message": ""}}, {"model": "admin.logentry", "pk": 178, "fields": {"action_time": "2022-02-12T21:10:01.598Z", "user": 1, "content_type": 17, "object_id": "165", "object_repr": "01DA433606F8432380368DF570A2A8BC", "action_flag": 3, "change_message": ""}}, {"model": "admin.logentry", "pk": 179, "fields": {"action_time": "2022-02-12T21:10:01.601Z", "user": 1, "content_type": 17, "object_id": "164", "object_repr": "78E7F33DACDD496EBF5D64B53969E871", "action_flag": 3, "change_message": ""}}, {"model": "admin.logentry", "pk": 180, "fields": {"action_time": "2022-02-12T21:10:01.607Z", "user": 1, "content_type": 17, "object_id": "163", "object_repr": "27704E3B9A94419C81B5A895680F47F3", "action_flag": 3, "change_message": ""}}, {"model": "admin.logentry", "pk": 181, "fields": {"action_time": "2022-02-12T21:10:01.612Z", "user": 1, "content_type": 17, "object_id": "162", "object_repr": "C4E87502CABD4B5994E6F64469D03717", "action_flag": 3, "change_message": ""}}, {"model": "admin.logentry", "pk": 182, "fields": {"action_time": "2022-02-12T21:10:01.617Z", "user": 1, "content_type": 17, "object_id": "161", "object_repr": "8F4E396E98794BBA81D656D47697B2FB", "action_flag": 3, "change_message": ""}}, {"model": "admin.logentry", "pk": 183, "fields": {"action_time": "2022-02-12T21:10:01.621Z", "user": 1, "content_type": 17, "object_id": "160", "object_repr": "C66421FF5EE24C578D99766351160A18", "action_flag": 3, "change_message": ""}}, {"model": "admin.logentry", "pk": 184, "fields": {"action_time": "2022-02-12T21:10:01.626Z", "user": 1, "content_type": 17, "object_id": "159", "object_repr": "94C26A9026374331AB951CBFFBC48E07", "action_flag": 3, "change_message": ""}}, {"model": "admin.logentry", "pk": 185, "fields": {"action_time": "2022-02-12T21:10:01.631Z", "user": 1, "content_type": 17, "object_id": "158", "object_repr": "226D8649CEC1434CA9943167B715B2C8", "action_flag": 3, "change_message": ""}}, {"model": "admin.logentry", "pk": 186, "fields": {"action_time": "2022-02-12T21:10:01.636Z", "user": 1, "content_type": 17, "object_id": "157", "object_repr": "E94979F36193425D8C657A6CB65EADB0", "action_flag": 3, "change_message": ""}}, {"model": "admin.logentry", "pk": 187, "fields": {"action_time": "2022-02-12T21:10:01.640Z", "user": 1, "content_type": 17, "object_id": "156", "object_repr": "3FFA9A56BF6B4062A92FA7C484ECA347", "action_flag": 3, "change_message": ""}}, {"model": "admin.logentry", "pk": 188, "fields": {"action_time": "2022-02-12T21:10:01.644Z", "user": 1, "content_type": 17, "object_id": "155", "object_repr": "61B05D3A0DCA43439884EEB1AC51443A", "action_flag": 3, "change_message": ""}}, {"model": "admin.logentry", "pk": 189, "fields": {"action_time": "2022-02-12T21:10:01.649Z", "user": 1, "content_type": 17, "object_id": "154", "object_repr": "23B1A21385504B4B9526A734AF40714C", "action_flag": 3, "change_message": ""}}, {"model": "admin.logentry", "pk": 190, "fields": {"action_time": "2022-02-12T21:10:01.654Z", "user": 1, "content_type": 17, "object_id": "153", "object_repr": "197D0CE727C94F32AC9B982C1B14F4F5", "action_flag": 3, "change_message": ""}}, {"model": "admin.logentry", "pk": 191, "fields": {"action_time": "2022-02-12T21:10:01.658Z", "user": 1, "content_type": 17, "object_id": "152", "object_repr": "A2BA5110A3C44E0C8258FBA7CDA5DA00", "action_flag": 3, "change_message": ""}}, {"model": "admin.logentry", "pk": 192, "fields": {"action_time": "2022-02-12T21:10:01.663Z", "user": 1, "content_type": 17, "object_id": "151", "object_repr": "100F2E33CDCB40F78C8CDCB6450354EC", "action_flag": 3, "change_message": ""}}, {"model": "admin.logentry", "pk": 193, "fields": {"action_time": "2022-02-12T21:10:01.674Z", "user": 1, "content_type": 17, "object_id": "150", "object_repr": "4666BD4735B94981BBBA74A700AA0B87", "action_flag": 3, "change_message": ""}}, {"model": "admin.logentry", "pk": 194, "fields": {"action_time": "2022-02-12T21:10:01.679Z", "user": 1, "content_type": 17, "object_id": "149", "object_repr": "A9F0A24810D8459E952E8B2A731A67A3", "action_flag": 3, "change_message": ""}}, {"model": "admin.logentry", "pk": 195, "fields": {"action_time": "2022-02-12T21:10:01.685Z", "user": 1, "content_type": 17, "object_id": "148", "object_repr": "F97A893732954FB5B62C0CB097DBFAC1", "action_flag": 3, "change_message": ""}}, {"model": "admin.logentry", "pk": 196, "fields": {"action_time": "2022-02-12T21:10:01.690Z", "user": 1, "content_type": 17, "object_id": "147", "object_repr": "020317774DF342FCBE9DE06B0B4A6DB7", "action_flag": 3, "change_message": ""}}, {"model": "admin.logentry", "pk": 197, "fields": {"action_time": "2022-02-12T21:10:01.694Z", "user": 1, "content_type": 17, "object_id": "146", "object_repr": "8C686D2DE0584667882834E430240A3C", "action_flag": 3, "change_message": ""}}, {"model": "admin.logentry", "pk": 198, "fields": {"action_time": "2022-02-12T21:10:01.699Z", "user": 1, "content_type": 17, "object_id": "145", "object_repr": "A3339B976932448687F49EDE859FADB4", "action_flag": 3, "change_message": ""}}, {"model": "admin.logentry", "pk": 199, "fields": {"action_time": "2022-02-12T21:10:01.704Z", "user": 1, "content_type": 17, "object_id": "144", "object_repr": "0DD64DF4B0B64FDC93E7F0D5738FA389", "action_flag": 3, "change_message": ""}}, {"model": "admin.logentry", "pk": 200, "fields": {"action_time": "2022-02-12T21:10:01.709Z", "user": 1, "content_type": 17, "object_id": "143", "object_repr": "2E032B2BB3124B46BE5E72D6B841FDB3", "action_flag": 3, "change_message": ""}}, {"model": "admin.logentry", "pk": 201, "fields": {"action_time": "2022-02-12T21:10:01.713Z", "user": 1, "content_type": 17, "object_id": "142", "object_repr": "7C87D40FD25C4D228F390F47D37E3A76", "action_flag": 3, "change_message": ""}}, {"model": "admin.logentry", "pk": 202, "fields": {"action_time": "2022-02-12T21:10:01.717Z", "user": 1, "content_type": 17, "object_id": "141", "object_repr": "121AAB0732E1461FABEF42358664EF87", "action_flag": 3, "change_message": ""}}, {"model": "admin.logentry", "pk": 203, "fields": {"action_time": "2022-02-12T21:10:01.721Z", "user": 1, "content_type": 17, "object_id": "140", "object_repr": "DD8DC966DE7B43B9BFC405CC254F779C", "action_flag": 3, "change_message": ""}}, {"model": "admin.logentry", "pk": 204, "fields": {"action_time": "2022-02-12T21:10:01.726Z", "user": 1, "content_type": 17, "object_id": "139", "object_repr": "5FF4E05FD0014E309FBD932B2323CB11", "action_flag": 3, "change_message": ""}}, {"model": "admin.logentry", "pk": 205, "fields": {"action_time": "2022-02-12T21:10:01.729Z", "user": 1, "content_type": 17, "object_id": "138", "object_repr": "E02BA12C19E4413AAFC6C235CDA6B033", "action_flag": 3, "change_message": ""}}, {"model": "admin.logentry", "pk": 206, "fields": {"action_time": "2022-02-12T21:10:01.733Z", "user": 1, "content_type": 17, "object_id": "137", "object_repr": "78B94830A5DC4EE09B9FFE96EB6CA285", "action_flag": 3, "change_message": ""}}, {"model": "admin.logentry", "pk": 207, "fields": {"action_time": "2022-02-12T21:10:01.736Z", "user": 1, "content_type": 17, "object_id": "136", "object_repr": "CC2D61F11F4248BF8F90763A27E075EB", "action_flag": 3, "change_message": ""}}, {"model": "admin.logentry", "pk": 208, "fields": {"action_time": "2022-02-12T21:10:01.740Z", "user": 1, "content_type": 17, "object_id": "135", "object_repr": "E92A3A3C447F48DA924BBA7EE4DA24B6", "action_flag": 3, "change_message": ""}}, {"model": "admin.logentry", "pk": 209, "fields": {"action_time": "2022-02-12T21:10:01.743Z", "user": 1, "content_type": 17, "object_id": "134", "object_repr": "A6658A42C84F4CE495ABF4AF269C64E4", "action_flag": 3, "change_message": ""}}, {"model": "admin.logentry", "pk": 210, "fields": {"action_time": "2022-02-12T21:10:01.747Z", "user": 1, "content_type": 17, "object_id": "133", "object_repr": "C0DFD02256A74589AF331975C41EE69B", "action_flag": 3, "change_message": ""}}, {"model": "admin.logentry", "pk": 211, "fields": {"action_time": "2022-02-12T21:10:01.750Z", "user": 1, "content_type": 17, "object_id": "132", "object_repr": "655A186B98B141758AD78C8447195F67", "action_flag": 3, "change_message": ""}}, {"model": "admin.logentry", "pk": 212, "fields": {"action_time": "2022-02-12T21:10:01.754Z", "user": 1, "content_type": 17, "object_id": "131", "object_repr": "FF059FBEC4FF45F7ABC54726F7DBDB37", "action_flag": 3, "change_message": ""}}, {"model": "admin.logentry", "pk": 213, "fields": {"action_time": "2022-02-12T21:10:01.757Z", "user": 1, "content_type": 17, "object_id": "130", "object_repr": "A72297E170E44EF6892E228CCEB38D43", "action_flag": 3, "change_message": ""}}, {"model": "admin.logentry", "pk": 214, "fields": {"action_time": "2022-02-12T21:10:01.761Z", "user": 1, "content_type": 17, "object_id": "129", "object_repr": "44F50335B10B4CF1A0077090F0CCF766", "action_flag": 3, "change_message": ""}}, {"model": "admin.logentry", "pk": 215, "fields": {"action_time": "2022-02-12T21:10:01.764Z", "user": 1, "content_type": 17, "object_id": "128", "object_repr": "EC02E93431664EBAA0A44D6E7D5DA543", "action_flag": 3, "change_message": ""}}, {"model": "admin.logentry", "pk": 216, "fields": {"action_time": "2022-02-12T21:10:01.767Z", "user": 1, "content_type": 17, "object_id": "127", "object_repr": "F0D1834B550C4AF59BFDBB7B7E525991", "action_flag": 3, "change_message": ""}}, {"model": "admin.logentry", "pk": 217, "fields": {"action_time": "2022-02-12T21:10:01.771Z", "user": 1, "content_type": 17, "object_id": "126", "object_repr": "BB20973D789F41789F40585930A530FB", "action_flag": 3, "change_message": ""}}, {"model": "admin.logentry", "pk": 218, "fields": {"action_time": "2022-02-12T21:10:01.776Z", "user": 1, "content_type": 17, "object_id": "125", "object_repr": "E11D69A5AFC54105A2FA15DC7F371148", "action_flag": 3, "change_message": ""}}, {"model": "admin.logentry", "pk": 219, "fields": {"action_time": "2022-02-12T21:10:01.781Z", "user": 1, "content_type": 17, "object_id": "124", "object_repr": "5D7DB2424D1D451CB879A43D6ED21B05", "action_flag": 3, "change_message": ""}}, {"model": "admin.logentry", "pk": 220, "fields": {"action_time": "2022-02-12T21:10:01.786Z", "user": 1, "content_type": 17, "object_id": "123", "object_repr": "E88062B151194554B88E52D73BDC2359", "action_flag": 3, "change_message": ""}}, {"model": "admin.logentry", "pk": 221, "fields": {"action_time": "2022-02-12T21:10:01.790Z", "user": 1, "content_type": 17, "object_id": "122", "object_repr": "F76CB2492B9248799E0ED038AB72B2A6", "action_flag": 3, "change_message": ""}}, {"model": "admin.logentry", "pk": 222, "fields": {"action_time": "2022-02-12T21:10:01.795Z", "user": 1, "content_type": 17, "object_id": "121", "object_repr": "6F2220B4DB024EA783986BC88D4AFD34", "action_flag": 3, "change_message": ""}}, {"model": "admin.logentry", "pk": 223, "fields": {"action_time": "2022-02-12T21:10:01.799Z", "user": 1, "content_type": 17, "object_id": "120", "object_repr": "B00D4C4AC9FD41E68AD9ECAEE7649EC9", "action_flag": 3, "change_message": ""}}, {"model": "admin.logentry", "pk": 224, "fields": {"action_time": "2022-02-12T21:10:01.803Z", "user": 1, "content_type": 17, "object_id": "119", "object_repr": "3D102CC173AF41F4ADF548CA05BE892E", "action_flag": 3, "change_message": ""}}, {"model": "admin.logentry", "pk": 225, "fields": {"action_time": "2022-02-12T21:10:01.807Z", "user": 1, "content_type": 17, "object_id": "118", "object_repr": "655F0A35113A4DFAA588353AED2F04C5", "action_flag": 3, "change_message": ""}}, {"model": "admin.logentry", "pk": 226, "fields": {"action_time": "2022-02-12T21:10:01.812Z", "user": 1, "content_type": 17, "object_id": "117", "object_repr": "530997F705BF4398BDE122C5E8527775", "action_flag": 3, "change_message": ""}}, {"model": "admin.logentry", "pk": 227, "fields": {"action_time": "2022-02-12T21:10:01.815Z", "user": 1, "content_type": 17, "object_id": "116", "object_repr": "1564F9B97318464BB8665F200C3D24B9", "action_flag": 3, "change_message": ""}}, {"model": "admin.logentry", "pk": 228, "fields": {"action_time": "2022-02-12T21:10:01.819Z", "user": 1, "content_type": 17, "object_id": "115", "object_repr": "265EE56E0C5B437F9DD397645E4D71AA", "action_flag": 3, "change_message": ""}}, {"model": "admin.logentry", "pk": 229, "fields": {"action_time": "2022-02-12T21:10:01.823Z", "user": 1, "content_type": 17, "object_id": "114", "object_repr": "A37DA940C63E4D99A8351A24D230CC25", "action_flag": 3, "change_message": ""}}, {"model": "admin.logentry", "pk": 230, "fields": {"action_time": "2022-02-12T21:10:01.827Z", "user": 1, "content_type": 17, "object_id": "113", "object_repr": "AD55C59FDFDA4D64B696F310FEB14502", "action_flag": 3, "change_message": ""}}, {"model": "admin.logentry", "pk": 231, "fields": {"action_time": "2022-02-12T21:10:01.830Z", "user": 1, "content_type": 17, "object_id": "112", "object_repr": "3B64EA0AAB8443C6844B98CFF86F20E7", "action_flag": 3, "change_message": ""}}, {"model": "admin.logentry", "pk": 232, "fields": {"action_time": "2022-02-12T21:10:01.835Z", "user": 1, "content_type": 17, "object_id": "111", "object_repr": "984AA22CDAA54A658168693188F5263A", "action_flag": 3, "change_message": ""}}, {"model": "admin.logentry", "pk": 233, "fields": {"action_time": "2022-02-12T21:10:01.840Z", "user": 1, "content_type": 17, "object_id": "110", "object_repr": "890F0C3F345B4122BDF0298EEAA6A558", "action_flag": 3, "change_message": ""}}, {"model": "admin.logentry", "pk": 234, "fields": {"action_time": "2022-02-12T21:10:01.845Z", "user": 1, "content_type": 17, "object_id": "109", "object_repr": "ACECA272EAFE438598AB7631AD4469CB", "action_flag": 3, "change_message": ""}}, {"model": "admin.logentry", "pk": 235, "fields": {"action_time": "2022-02-12T21:10:01.850Z", "user": 1, "content_type": 17, "object_id": "108", "object_repr": "625AFCC377B84C2F83C2758AE5F12302", "action_flag": 3, "change_message": ""}}, {"model": "admin.logentry", "pk": 236, "fields": {"action_time": "2022-02-12T21:10:01.855Z", "user": 1, "content_type": 17, "object_id": "107", "object_repr": "32917714909F48B88991B7054A176D66", "action_flag": 3, "change_message": ""}}, {"model": "admin.logentry", "pk": 237, "fields": {"action_time": "2022-02-12T21:10:01.859Z", "user": 1, "content_type": 17, "object_id": "106", "object_repr": "03459774231B4D30B4EA9678FF2BB30F", "action_flag": 3, "change_message": ""}}, {"model": "admin.logentry", "pk": 238, "fields": {"action_time": "2022-02-12T21:10:01.863Z", "user": 1, "content_type": 17, "object_id": "105", "object_repr": "5F219D87B6484759816F537CEEB8D0F0", "action_flag": 3, "change_message": ""}}, {"model": "admin.logentry", "pk": 239, "fields": {"action_time": "2022-02-12T21:10:01.868Z", "user": 1, "content_type": 17, "object_id": "104", "object_repr": "B084E03C24CC49C78D7D4C025C16737C", "action_flag": 3, "change_message": ""}}, {"model": "admin.logentry", "pk": 240, "fields": {"action_time": "2022-02-12T21:10:01.873Z", "user": 1, "content_type": 17, "object_id": "103", "object_repr": "856CACEA3B7444BC8A387F9D40725B16", "action_flag": 3, "change_message": ""}}, {"model": "admin.logentry", "pk": 241, "fields": {"action_time": "2022-02-12T21:10:15.598Z", "user": 1, "content_type": 17, "object_id": "102", "object_repr": "DE127A7FC728439088E28632254A537D", "action_flag": 3, "change_message": ""}}, {"model": "admin.logentry", "pk": 242, "fields": {"action_time": "2022-02-12T21:10:15.603Z", "user": 1, "content_type": 17, "object_id": "101", "object_repr": "309B4886C285481CA5D17306C07BEA03", "action_flag": 3, "change_message": ""}}, {"model": "admin.logentry", "pk": 243, "fields": {"action_time": "2022-02-12T21:10:15.607Z", "user": 1, "content_type": 17, "object_id": "100", "object_repr": "CB9AE201706049EE8FF9B503634DF743", "action_flag": 3, "change_message": ""}}, {"model": "admin.logentry", "pk": 244, "fields": {"action_time": "2022-02-12T21:10:15.611Z", "user": 1, "content_type": 17, "object_id": "99", "object_repr": "80898B693D714FE5A9F36E30889B671F", "action_flag": 3, "change_message": ""}}, {"model": "admin.logentry", "pk": 245, "fields": {"action_time": "2022-02-12T21:10:15.615Z", "user": 1, "content_type": 17, "object_id": "98", "object_repr": "59396F6F17F1428ABCF34EB366E2BB8D", "action_flag": 3, "change_message": ""}}, {"model": "admin.logentry", "pk": 246, "fields": {"action_time": "2022-02-12T21:10:15.618Z", "user": 1, "content_type": 17, "object_id": "97", "object_repr": "3C8179602C5546FFBEF9650BDCFC42CC", "action_flag": 3, "change_message": ""}}, {"model": "admin.logentry", "pk": 247, "fields": {"action_time": "2022-02-12T21:10:15.622Z", "user": 1, "content_type": 17, "object_id": "96", "object_repr": "773557C669BF4E2D8F3B9B82CE4EDCE3", "action_flag": 3, "change_message": ""}}, {"model": "admin.logentry", "pk": 248, "fields": {"action_time": "2022-02-12T21:10:15.627Z", "user": 1, "content_type": 17, "object_id": "95", "object_repr": "7F2085FA30794FD8AB23CB30FA4A328B", "action_flag": 3, "change_message": ""}}, {"model": "admin.logentry", "pk": 249, "fields": {"action_time": "2022-02-12T21:10:15.631Z", "user": 1, "content_type": 17, "object_id": "94", "object_repr": "1F9038834067446E959DEED6C30ABAA6", "action_flag": 3, "change_message": ""}}, {"model": "admin.logentry", "pk": 250, "fields": {"action_time": "2022-02-12T21:10:15.636Z", "user": 1, "content_type": 17, "object_id": "93", "object_repr": "39C0E942031946A5B388F80C557B84E9", "action_flag": 3, "change_message": ""}}, {"model": "admin.logentry", "pk": 251, "fields": {"action_time": "2022-02-12T21:10:15.640Z", "user": 1, "content_type": 17, "object_id": "92", "object_repr": "8B17A72F0AAF48F5B2BB7C0D86EDDAA0", "action_flag": 3, "change_message": ""}}, {"model": "admin.logentry", "pk": 252, "fields": {"action_time": "2022-02-12T21:10:15.645Z", "user": 1, "content_type": 17, "object_id": "91", "object_repr": "812FD63FE6C440999F54C6BAD5A997E1", "action_flag": 3, "change_message": ""}}, {"model": "admin.logentry", "pk": 253, "fields": {"action_time": "2022-02-15T19:52:21.387Z", "user": 1, "content_type": 4, "object_id": "2", "object_repr": "Orfhlaith", "action_flag": 3, "change_message": ""}}, {"model": "admin.logentry", "pk": 254, "fields": {"action_time": "2022-02-16T14:36:20.166Z", "user": 1, "content_type": 17, "object_id": "226", "object_repr": "7905260BF91D465BB1CB12225E45DFCB", "action_flag": 3, "change_message": ""}}, {"model": "admin.logentry", "pk": 255, "fields": {"action_time": "2022-02-16T14:36:20.170Z", "user": 1, "content_type": 17, "object_id": "225", "object_repr": "EEB8E3628AB347F5B35B8F1255561DC3", "action_flag": 3, "change_message": ""}}, {"model": "admin.logentry", "pk": 256, "fields": {"action_time": "2022-02-16T14:36:20.174Z", "user": 1, "content_type": 17, "object_id": "224", "object_repr": "B9B165ACB1C74F7FAFF43217A326D404", "action_flag": 3, "change_message": ""}}, {"model": "admin.logentry", "pk": 257, "fields": {"action_time": "2022-02-16T14:36:20.177Z", "user": 1, "content_type": 17, "object_id": "223", "object_repr": "E0520728FB6B4A18A5DA8C408B70E8E2", "action_flag": 3, "change_message": ""}}, {"model": "admin.logentry", "pk": 258, "fields": {"action_time": "2022-02-16T14:36:20.180Z", "user": 1, "content_type": 17, "object_id": "222", "object_repr": "5C711203C6EE42FBA470CEF22B507FEF", "action_flag": 3, "change_message": ""}}, {"model": "admin.logentry", "pk": 259, "fields": {"action_time": "2022-02-16T14:36:20.184Z", "user": 1, "content_type": 17, "object_id": "221", "object_repr": "2C5A0BFA473A4210B4A90E4686C1523C", "action_flag": 3, "change_message": ""}}, {"model": "admin.logentry", "pk": 260, "fields": {"action_time": "2022-02-16T14:36:20.187Z", "user": 1, "content_type": 17, "object_id": "220", "object_repr": "A809D32F696B40E1B55335871FBAB654", "action_flag": 3, "change_message": ""}}, {"model": "admin.logentry", "pk": 261, "fields": {"action_time": "2022-02-16T14:36:20.190Z", "user": 1, "content_type": 17, "object_id": "219", "object_repr": "E3517864FA204F119390D81E766248B7", "action_flag": 3, "change_message": ""}}, {"model": "admin.logentry", "pk": 262, "fields": {"action_time": "2022-02-16T14:36:20.193Z", "user": 1, "content_type": 17, "object_id": "218", "object_repr": "536DAD33019A4A539A13A7CF324207E0", "action_flag": 3, "change_message": ""}}, {"model": "admin.logentry", "pk": 263, "fields": {"action_time": "2022-02-16T14:36:20.197Z", "user": 1, "content_type": 17, "object_id": "217", "object_repr": "6E20D2B4ED8945109031CD6D0837807B", "action_flag": 3, "change_message": ""}}, {"model": "admin.logentry", "pk": 264, "fields": {"action_time": "2022-02-16T14:36:20.200Z", "user": 1, "content_type": 17, "object_id": "216", "object_repr": "5F9B04F48E664AFEA6632B4F3C8F46FE", "action_flag": 3, "change_message": ""}}, {"model": "admin.logentry", "pk": 265, "fields": {"action_time": "2022-02-16T14:36:20.203Z", "user": 1, "content_type": 17, "object_id": "215", "object_repr": "CDF5EDFD5A034BBBA5960A128D381F6E", "action_flag": 3, "change_message": ""}}, {"model": "admin.logentry", "pk": 266, "fields": {"action_time": "2022-02-16T14:36:20.206Z", "user": 1, "content_type": 17, "object_id": "214", "object_repr": "91FBDF668B0C485090316C43FB84CC3E", "action_flag": 3, "change_message": ""}}, {"model": "admin.logentry", "pk": 267, "fields": {"action_time": "2022-02-16T14:36:20.209Z", "user": 1, "content_type": 17, "object_id": "213", "object_repr": "20B7C10D603748329A2EA44CE3F89987", "action_flag": 3, "change_message": ""}}, {"model": "admin.logentry", "pk": 268, "fields": {"action_time": "2022-02-16T14:36:20.212Z", "user": 1, "content_type": 17, "object_id": "212", "object_repr": "41FD227998C74A68810C27E722E92834", "action_flag": 3, "change_message": ""}}, {"model": "admin.logentry", "pk": 269, "fields": {"action_time": "2022-02-16T14:36:20.216Z", "user": 1, "content_type": 17, "object_id": "211", "object_repr": "8814B6252047444FB020DC305F59CB79", "action_flag": 3, "change_message": ""}}, {"model": "admin.logentry", "pk": 270, "fields": {"action_time": "2022-02-16T14:36:20.219Z", "user": 1, "content_type": 17, "object_id": "210", "object_repr": "832188BA66E546A49271A2596D1758A8", "action_flag": 3, "change_message": ""}}, {"model": "admin.logentry", "pk": 271, "fields": {"action_time": "2022-02-16T14:36:20.222Z", "user": 1, "content_type": 17, "object_id": "209", "object_repr": "CEF60F706F0743BA9EDD6C3B321AC83C", "action_flag": 3, "change_message": ""}}, {"model": "admin.logentry", "pk": 272, "fields": {"action_time": "2022-02-16T14:36:20.225Z", "user": 1, "content_type": 17, "object_id": "208", "object_repr": "F747870C39A54BB48F392A36E58FC833", "action_flag": 3, "change_message": ""}}, {"model": "admin.logentry", "pk": 273, "fields": {"action_time": "2022-02-16T14:36:20.228Z", "user": 1, "content_type": 17, "object_id": "207", "object_repr": "49532C7B422B45ECA430A86DDB1F7E98", "action_flag": 3, "change_message": ""}}, {"model": "admin.logentry", "pk": 274, "fields": {"action_time": "2022-02-16T14:36:20.230Z", "user": 1, "content_type": 17, "object_id": "206", "object_repr": "013A3490AEBD41F9B5451EB45D7C6776", "action_flag": 3, "change_message": ""}}, {"model": "admin.logentry", "pk": 275, "fields": {"action_time": "2022-02-16T14:36:20.234Z", "user": 1, "content_type": 17, "object_id": "205", "object_repr": "0EBA073535514D08920E4ABC4213E652", "action_flag": 3, "change_message": ""}}, {"model": "admin.logentry", "pk": 276, "fields": {"action_time": "2022-02-16T14:36:20.237Z", "user": 1, "content_type": 17, "object_id": "204", "object_repr": "C1FE205CAECD473CBC43E180AE54D181", "action_flag": 3, "change_message": ""}}, {"model": "admin.logentry", "pk": 277, "fields": {"action_time": "2022-02-16T14:36:20.240Z", "user": 1, "content_type": 17, "object_id": "203", "object_repr": "8D63E7B462364EC3ABE713C265D2EA4E", "action_flag": 3, "change_message": ""}}, {"model": "auth.user", "pk": 1, "fields": {"password": "pbkdf2_sha256$260000$5UJhKhKQ7H8B01yYlhQOcS$beoAE9LWq2A2+gnlwy07R5jacd78J1Gov1iVt0Lvaiw=", "last_login": "2022-02-20T14:18:27.822Z", "is_superuser": true, "username": "james", "first_name": "", "last_name": "", "email": "jameskelly33@gmail.com", "is_staff": true, "is_active": true, "date_joined": "2022-01-25T20:58:21.399Z", "groups": [], "user_permissions": []}}, {"model": "auth.user", "pk": 3, "fields": {"password": "pbkdf2_sha256$260000$2qDizwznlBdNref7GdwipX$mezZsO3axGCshfS8Glp30MndPp/GlVuEFborUBFzguU=", "last_login": "2022-02-18T13:27:32.019Z", "is_superuser": false, "username": "jack", "first_name": "", "last_name": "", "email": "jack@gmail.com", "is_staff": false, "is_active": true, "date_joined": "2022-02-15T14:14:59.132Z", "groups": [], "user_permissions": []}}, {"model": "auth.user", "pk": 4, "fields": {"password": "pbkdf2_sha256$260000$b1YxwqSe6PJC0ZyLnMJrHz$m637NNpT/EMsdK/38XwIYXL95HGQqNt91pdAyPB7kTc=", "last_login": "2022-02-18T13:27:15.901Z", "is_superuser": false, "username": "orfhlaith", "first_name": "", "last_name": "", "email": "orfhlaithfitzmaurice@gmail.com", "is_staff": false, "is_active": true, "date_joined": "2022-02-15T19:53:16.708Z", "groups": [], "user_permissions": []}}, {"model": "auth.user", "pk": 5, "fields": {"password": "pbkdf2_sha256$260000$mvDT5W5GIRon1ThmEFr2dv$wzMKpPgcrWreawRuE1drhsCZS/rzxoy4NHZ/BwB8l1E=", "last_login": "2022-02-18T13:39:30.177Z", "is_superuser": false, "username": "tony", "first_name": "", "last_name": "", "email": "tony@gmail.com", "is_staff": false, "is_active": true, "date_joined": "2022-02-18T13:39:16.267Z", "groups": [], "user_permissions": []}}, {"model": "auth.user", "pk": 6, "fields": {"password": "pbkdf2_sha256$260000$CsQUH66iHZddOH2gC7i3LE$QEZSkvabL55OWLkE0tCwjlzLgrp8Dj+V9BsJWw9JqKo=", "last_login": "2022-02-18T13:49:20.826Z", "is_superuser": false, "username": "lynn", "first_name": "", "last_name": "", "email": "lynn@lynn.com", "is_staff": false, "is_active": true, "date_joined": "2022-02-18T13:49:04.206Z", "groups": [], "user_permissions": []}}, {"model": "sessions.session", "pk": "0xjdn88apgru99i10bmtpqizxenx71sk", "fields": {"session_data": "e30:1nLn32:u55v4F1Qe5mTjSaABFFogXyVl5sjnKGN9UqQHibxUDY", "expire_date": "2022-03-06T14:18:48.556Z"}}, {"model": "sessions.session", "pk": "azi151rkz9dznpxi4kdytkfcnodgdy5e", "fields": {"session_data": ".eJxVjMEOwiAQRP-FsyGLhXXr0Xu_gSywSNWUpLQn47_bJj3oZQ7z3sxbeV6X4tcmsx-TuiqjTr9d4PiUaQfpwdO96linZR6D3hV90KaHmuR1O9y_g8KtbGvpiSkidwKQBTrqtwAhdIBELgJiJttzNoCXaCkjBEcm0dlGEmb1-QLOGjdW:1nFvFK:BU4ParR_r-5ZjO1GfOyyP5glsbJqnsvbqy1rQN7v5qo", "expire_date": "2022-02-18T09:51:14.205Z"}}, {"model": "sessions.session", "pk": "ie2241o03sawjelexdyzij7t2d6yds13", "fields": {"session_data": ".eJxVjMEOwiAQRP-FsyGLhXXr0Xu_gSywSNWUpLQn47_bJj3oZQ7z3sxbeV6X4tcmsx-TuiqjTr9d4PiUaQfpwdO96linZR6D3hV90KaHmuR1O9y_g8KtbGvpiSkidwKQBTrqtwAhdIBELgJiJttzNoCXaCkjBEcm0dlGEmb1-QLOGjdW:1nFejn:YrJnMiHwr4g1baY-WRyFu-yTnIQxuBqvZSav14JEjIM", "expire_date": "2022-02-17T16:13:35.877Z"}}, {"model": "sessions.session", "pk": "q78lxzigk32qtw116xuj18g7a3amsnex", "fields": {"session_data": ".eJxVjMEOgjAQRP-lZ9MsUtaFo3e_oVnarVRNSygkGuO_CwkHvcxh5s17K8vLPNilyGSjV52q1OG369ndJW2Dv3G6Zu1ymqfY6w3R-1r0JXt5nHf2TzBwGda3tMTkkGsBCAI1tWuAEDaARI0DxECm5VABnpyhgNA3VHk6GkfCvEmLlBJzsvIc4_RSHXy-ayg-kw:1nLA7b:KC_iohWewoQ12MrW4OCZWm8LzC7gikpCIZRQ76llxmM", "expire_date": "2022-03-04T20:44:55.826Z"}}, {"model": "sessions.session", "pk": "rh593vil8krt1mj24uev1zt6dnlyqu2v", "fields": {"session_data": "e30:1nJyQh:zKyrGfne2-me_8LZ8U11w-07eZtTLge8IvkMNznUOXc", "expire_date": "2022-03-01T14:03:43.207Z"}}, {"model": "sessions.session", "pk": "rl1w4ddgcf4rwiygjk2tiwsh3g9tsf0n", "fields": {"session_data": ".eJxVjMEOgjAQRP-lZ9MsUtaFo3e_oVnarVRNSygkGuO_CwkHvcxh5s17K8vLPNilyGSjV52q1OG369ndJW2Dv3G6Zu1ymqfY6w3R-1r0JXt5nHf2TzBwGda3tMTkkGsBCAI1tWuAEDaARI0DxECm5VABnpyhgNA3VHk6GkfCvEmLlBJzsvIc4_RSHXy-ayg-kw:1nJw3N:CUZheaBo3zWB_Ba36hlGHU5SbJRY30n7Ki-p_ruUzIM", "expire_date": "2022-03-01T11:31:29.189Z"}}, {"model": "sessions.session", "pk": "vnbhkec78lil3hoi1r02j9yongaz5rbz", "fields": {"session_data": ".eJxVjMEOgjAQRP9lz6ZZFNaFo3e_oVnarVRNaygkGuO_CwkXLnOY92a-YIuWEnOy-n7F8QMdHsDKPA12Ljra6KGDCnZdL-6haQX-LumWjctpGmNvVsVstJhr9vq8bO7uYJAyLGttWdiRnBQxKJ64XQKVqUFibhwSBa5bCRXS2dUcCPuGK8_H2rGKwO8P9vY-kw:1nCTIR:POfxodojMpemLOkAv2uCRrTEf-6ri-SgnllC3h4XZtE", "expire_date": "2022-02-08T21:24:11.744Z"}}, {"model": "sessions.session", "pk": "z427qj0shslnd3wyqj3m9545lgdvhw4g", "fields": {"session_data": ".eJxVjMEOgjAQRP-lZ9MsUtaFo3e_oVnarVRNSygkGuO_CwkHvcxh5s17K8vLPNilyGSjV52q1OG369ndJW2Dv3G6Zu1ymqfY6w3R-1r0JXt5nHf2TzBwGda3tMTkkGsBCAI1tWuAEDaARI0DxECm5VABnpyhgNA3VHk6GkfCvEmLlBJzsvIc4_RSHXy-ayg-kw:1nKLPz:1UvXsqgtHWBJP-sG_XgF2XZAM88G3bcCSDKN0GM9-60", "expire_date": "2022-03-02T14:36:31.427Z"}}, {"model": "sites.site", "pk": 1, "fields": {"domain": "example.com", "name": "example.com"}}, {"model": "account.emailaddress", "pk": 1, "fields": {"user": 1, "email": "jameskelly33@gmail.com", "verified": true, "primary": true}}, {"model": "account.emailaddress", "pk": 3, "fields": {"user": 3, "email": "jack@gmail.com", "verified": true, "primary": true}}, {"model": "account.emailaddress", "pk": 4, "fields": {"user": 4, "email": "orfhlaithfitzmaurice@gmail.com", "verified": true, "primary": true}}, {"model": "account.emailaddress", "pk": 5, "fields": {"user": 5, "email": "tony@gmail.com", "verified": true, "primary": true}}, {"model": "account.emailaddress", "pk": 6, "fields": {"user": 6, "email": "lynn@lynn.com", "verified": true, "primary": true}}, {"model": "courses.category", "pk": 1, "fields": {"name": "general", "friendly_name": "General English", "category_description": "Our most popular course. You will recieve expert tuition on all language skills from reading, writing, grammar and listening. The main focus however is always speaking and you will have plenty of opportunity to practise your spoken English with fellow studetns and your teacher."}}, {"model": "courses.category", "pk": 2, "fields": {"name": "business", "friendly_name": "Business English", "category_description": "If you need to improve your English to help further your career thiese are the courses for you. You will receive expert tution in all four lanaguage skills with an emphasis on email writing and presentation skills. As well as reading and understadning complex articles and work-related vocabulary."}}, {"model": "courses.category", "pk": 3, "fields": {"name": "academic", "friendly_name": "Academic English", "category_description": "We offer specific courses for the main English Language exams. By far our most popular is IELTS preparatio which will get you ready to succeed in the IELTS exam no matter your previous experience. We also teach the FCE and CAE Cambridge exams and TOEFL."}}, {"model": "courses.category", "pk": 4, "fields": {"name": "under_16s", "friendly_name": "Under 16s English", "category_description": "We offer multiple under 16's courses at the school from 5 years and up. Students will recieve fun and informative lessons that are level and age based and include outings to museums in the city center."}}, {"model": "courses.course", "pk": 1, "fields": {"course_id": "ge001", "course_category": 1, "name": "ge_full_time", "friendly_name": "General English Full-Time", "course_description": "The most comprehensive way to improve your English. Classes will focus on Speaking primarily, however all other language skills will be taught to help your fluency, grammatical accuracy and above all confidence in using English. You will study with the same teacher each day and have weekly progress tests to check that you are improving.", "course_hours": "25", "maximum_class_size": "12", "minimum_age": "16", "maximum_age": null, "cost_per_week": "275.00", "course_levels": "All Levels", "course_timetable": "Mon-Fri, 9.00 - 14.00"}}, {"model": "courses.course", "pk": 2, "fields": {"course_id": "ge002", "course_category": 1, "name": "ge_part_time", "friendly_name": "General English Part-Time", "course_description": "The most comprehensive way to improve your English if you don't have the time to spare for a more intensive course. Classes will focus on Speaking primarily, however all other language skills will be taught to help your fluency, grammatical accuracy and above all confidence in using English. You will study with the same teacher each day and have weekly progress tests to check that you are improving.", "course_hours": "12", "maximum_class_size": "12", "minimum_age": "16", "maximum_age": null, "cost_per_week": "150.00", "course_levels": "All levels", "course_timetable": "Mon, Tue, Thu, 17.30 - 21.30"}}, {"model": "courses.course", "pk": 3, "fields": {"course_id": "be_001", "course_category": 2, "name": "be_full_time", "friendly_name": "Business English Full-Time", "course_description": "Business stuff", "course_hours": "25", "maximum_class_size": "8", "minimum_age": "21", "maximum_age": null, "cost_per_week": "275.00", "course_levels": "", "course_timetable": "Mon-Fri, 9.00 - 14.00"}}, {"model": "courses.course", "pk": 4, "fields": {"course_id": "u16_001", "course_category": 4, "name": "u16_level_1", "friendly_name": "Under 16's Level 1(5-9 years old)", "course_description": "Unders 16 course", "course_hours": "20", "maximum_class_size": "8", "minimum_age": "5", "maximum_age": "9", "cost_per_week": "250.00", "course_levels": "All Levels", "course_timetable": "Mon-Fri, 9.00 - 13.00"}}, {"model": "courses.course", "pk": 8, "fields": {"course_id": "ge_3", "course_category": 1, "name": "test", "friendly_name": "test", "course_description": "test", "course_hours": "23", "maximum_class_size": "23", "minimum_age": "23", "maximum_age": "23", "cost_per_week": "250.00", "course_levels": "All levels", "course_timetable": "Mon-Fri, 9.00 - 14.00"}}, {"model": "courses.course", "pk": 9, "fields": {"course_id": "ac_1", "course_category": 3, "name": "ielts_intensive", "friendly_name": "IELTS Intensive", "course_description": "The most comprehensive way to study for the IELTS exam . You will practice all four parts of the exam with an experienced IELTS specialist teacher. The course includes mock exams and detailed feedback on your projected IELTS level. If you need to achieve a band 6.5 or above it is recommended you study for at least 8 weeks.", "course_hours": "30", "maximum_class_size": "12", "minimum_age": "16", "maximum_age": null, "cost_per_week": "0.00", "course_levels": "B1 and above", "course_timetable": "Mon-Fri, 9.00 - 14.00"}}, {"model": "level_test.question", "pk": 1, "fields": {"question_number": "1", "question_text": "I don't understand, _____ you help me?", "option1": "can", "option2": "have", "option3": "do", "option4": "I", "correct_answer": "can"}}, {"model": "level_test.question", "pk": 2, "fields": {"question_number": "2", "question_text": "Excuse me, what time ____?", "option1": "is", "option2": "is it", "option3": "it is", "option4": "it", "correct_answer": "is it"}}, {"model": "level_test.question", "pk": 3, "fields": {"question_number": "3", "question_text": "I always _____ a shower in the morning.", "option1": "having", "option2": "had", "option3": "have", "option4": "has", "correct_answer": "have"}}, {"model": "blog.post", "pk": 1, "fields": {"title": "20 Essential Phrasal Verbs", "post_description": "Brush up on your phrasal verbs because there are throusands of them and we all need to use them to boost our vocabulary.", "date_posted": "2022-01-31T19:20:29Z", "post_content": "\"Lorem ipsum dolor sit amet, consectetur adipiscing elit, sed do eiusmod tempor incididunt ut labore et dolore magna aliqua. Ut enim ad minim veniam, quis nostrud exercitation ullamco laboris nisi ut aliquip ex ea commodo consequat. Duis aute irure dolor in reprehenderit in voluptate velit esse cillum dolore eu fugiat nulla pariatur. Excepteur sint occaecat cupidatat non proident, sunt in culpa qui officia deserunt mollit anim id est laborum.\"\r\n\r\n\"Lorem ipsum dolor sit amet, consectetur adipiscing elit, sed do eiusmod tempor incididunt ut labore et dolore magna aliqua. Ut enim ad minim veniam, quis nostrud exercitation ullamco laboris nisi ut aliquip ex ea commodo consequat. Duis aute irure dolor in reprehenderit in voluptate velit esse cillum dolore eu fugiat nulla pariatur. Excepteur sint occaecat cupidatat non proident, sunt in culpa qui officia deserunt mollit anim id est laborum.\"", "author": 1, "likes": [1, 3, 4, 5, 6]}}, {"model": "blog.post", "pk": 2, "fields": {"title": "Ten things NOT to say in English.", "post_description": "Make sure to not make these mistakes if you want to sound like a native speaker!", "date_posted": "2022-01-31T19:38:19Z", "post_content": "Lorem ipsum dolor sit amet, consectetur adipiscing elit, sed do eiusmod tempor incididunt ut labore et dolore magna aliqua. Sit amet mauris commodo quis imperdiet massa tincidunt. Arcu cursus vitae congue mauris rhoncus aenean vel. Suspendisse sed nisi lacus sed viverra. Suspendisse sed nisi lacus sed viverra tellus in. Nullam non nisi est sit amet facilisis magna etiam. Id venenatis a condimentum vitae sapien pellentesque. Gravida neque convallis a cras semper auctor neque. Sociis natoque penatibus et magnis dis. Velit ut tortor pretium viverra suspendisse potenti. Tempus quam pellentesque nec nam. Donec pretium vulputate sapien nec sagittis aliquam. Proin libero nunc consequat interdum varius sit. Et tortor consequat id porta nibh venenatis. Sit amet mauris commodo quis imperdiet. Urna duis convallis convallis tellus id interdum velit.\r\n\r\nAmet consectetur adipiscing elit duis. Justo laoreet sit amet cursus sit amet. Tellus mauris a diam maecenas sed enim ut. Ac turpis egestas integer eget aliquet nibh. Quis risus sed vulputate odio ut enim blandit volutpat. Posuere lorem ipsum dolor sit amet consectetur. Faucibus pulvinar elementum integer enim. Commodo nulla facilisi nullam vehicula ipsum a arcu. In est ante in nibh mauris cursus mattis. Adipiscing commodo elit at imperdiet dui accumsan sit. Malesuada bibendum arcu vitae elementum. Massa ultricies mi quis hendrerit. Pellentesque nec nam aliquam sem. Pulvinar etiam non quam lacus. Mauris pharetra et ultrices neque ornare aenean. Neque aliquam vestibulum morbi blandit cursus. Nisl purus in mollis nunc sed id semper risus. Consectetur adipiscing elit pellentesque habitant morbi. Blandit volutpat maecenas volutpat blandit aliquam etiam erat. Netus et malesuada fames ac turpis egestas integer eget aliquet.\r\n\r\nFelis eget velit aliquet sagittis id consectetur. Elit scelerisque mauris pellentesque pulvinar pellentesque habitant morbi tristique senectus. Tristique senectus et netus et. Fermentum dui faucibus in ornare quam. Commodo viverra maecenas accumsan lacus vel facilisis. A arcu cursus vitae congue mauris. Suspendisse sed nisi lacus sed viverra tellus in. Nisi quis eleifend quam adipiscing. Pharetra vel turpis nunc eget lorem dolor sed viverra ipsum. Arcu cursus vitae congue mauris rhoncus aenean vel. Quis blandit turpis cursus in hac habitasse. Quis enim lobortis scelerisque fermentum dui. Varius duis at consectetur lorem donec massa sapien faucibus. In dictum non consectetur a erat. Cras ornare arcu dui vivamus arcu felis bibendum ut. Enim lobortis scelerisque fermentum dui. Nisi quis eleifend quam adipiscing vitae proin sagittis nisl rhoncus. Tincidunt lobortis feugiat vivamus at augue. Netus et malesuada fames ac turpis egestas. Vivamus at augue eget arcu dictum varius duis.\r\n\r\nVitae sapien pellentesque habitant morbi tristique senectus et netus et. Porta lorem mollis aliquam ut porttitor leo. Vitae congue eu consequat ac felis donec et odio. Cursus mattis molestie a iaculis at erat. At urna condimentum mattis pellentesque id nibh. Lectus sit amet est placerat. At auctor urna nunc id cursus. Viverra vitae congue eu consequat ac. Urna cursus eget nunc scelerisque. Quisque non tellus orci ac auctor augue mauris augue. Cras ornare arcu dui vivamus arcu felis. Tincidunt nunc pulvinar sapien et ligula ullamcorper malesuada proin libero.\r\n\r\nAc felis donec et odio pellentesque. Sed velit dignissim sodales ut eu sem integer vitae justo. Etiam dignissim diam quis enim lobortis scelerisque fermentum dui faucibus. Amet massa vitae tortor condimentum lacinia quis vel eros donec. Tempus imperdiet nulla malesuada pellentesque elit eget gravida. Non arcu risus quis varius quam quisque id. At tempor commodo ullamcorper a lacus vestibulum sed arcu. Faucibus ornare suspendisse sed nisi lacus sed viverra. In mollis nunc sed id semper risus in hendrerit gravida. At lectus urna duis convallis convallis tellus id. Blandit libero volutpat sed cras ornare arcu dui. Sed turpis tincidunt id aliquet risus feugiat in ante metus. Etiam tempor orci eu lobortis elementum nibh tellus.", "author": 1, "likes": [1, 4, 5]}}, {"model": "blog.post", "pk": 4, "fields": {"title": "test", "post_description": "test", "date_posted": "2022-02-19T15:35:50.545Z", "post_content": "The kerer (Hemiphaga novaeseelandiae) or New Zealand pigeon is a species of pigeon native to New Zealand. Johann Friedrich Gmelin described the bird in 1789 as a large, conspicuous pigeon up to 50 cm (20 in) in length and 550850 g (1930 oz) in weight, with a white breast and iridescent greenblue plumage. Two subspecies have been recognised; the secondthe Norfolk pigeon of Norfolk Islandbecame extinct in the early 20th century. Kerer pairs are monogamous, breeding over successive seasons and remaining together when not breeding. They construct nests with twigs in trees, with a single egg clutch.\r\n\r\nFound in a variety of habitats across the country, the kerer feeds mainly on fruits, as well as leaves, buds and flowers. Although widespread in both forest and urban habitats, its numbers have declined significantly since European colonisation and the arrival of invasive mammals such as rats, stoats and possums. However, the results of nationwide bird surveys indicate that there has been a significant recovery in the population of kerer in suburban areas. Despite this, as of 2021, the IUCN Red List classifies the species as \"near threatened\", while the Department of Conservation (DOC) classifies kerer as \"not threatened\" but conservation dependent.\r\nConsidered a taonga (cultural treasure) to the Mori people, the kerer was historically a major food source in Mori culture. However, due to the previous decline in its population, hunting is illegal. Customary use of kerer is restricted to the use of feathers and bones obtained from dead birds collected by DOC. This issue has received significant public and political attention, as some people argue that bans on kerer hunting are detrimental to Mori traditions. In 2018, the kerer was designated Bird of the Year by the New Zealand organisation Forest & Bird, and in 2019, the exoplanet HD 137388 b was renamed Kerer in its honour.", "author": 1, "likes": []}}, {"model": "booking_form.booking", "pk": 227, "fields": {"booking_number": "C295E735E69A447D892BDB6349357CA9", "user_profile": 1, "full_name": "James Kelly", "email": "jameskelly33@gmail.com", "phone_number": "0894792094", "country": "IE", "nationality": "sdf", "first_language": "asd", "age": "22", "date_booked": "2022-02-16", "course_length": "1", "course_start_date": "2022-02-21", "course_level": "A2", "course_cost_per_week": "275.00", "total_course_cost": "275.00", "course": "ge001", "course_friendly_name": "General English Full-Time", "course_timetable": "Mon-Fri, 9.00 - 14.00"}}, {"model": "booking_form.booking", "pk": 228, "fields": {"booking_number": "E5E3C1EC5B8C42E4A44F8E5093AE054E", "user_profile": null, "full_name": "James Kelly", "email": "jameskelly33@gmail.com", "phone_number": "0894792094", "country": "IE", "nationality": "dfgd", "first_language": "English", "age": "22", "date_booked": "2022-02-18", "course_length": "1", "course_start_date": "2022-02-21", "course_level": "A1", "course_cost_per_week": "275.00", "total_course_cost": "275.00", "course": "ge001", "course_friendly_name": "General English Full-Time", "course_timetable": "Mon-Fri, 9.00 - 14.00"}}, {"model": "booking_form.booking", "pk": 229, "fields": {"booking_number": "ACE896B2D1724D409459078DC0485DB7", "user_profile": null, "full_name": "James Kelly", "email": "jameskelly33@gmail.com", "phone_number": "0894792094", "country": "IE", "nationality": "cccc", "first_language": "ccc", "age": "22", "date_booked": "2022-02-18", "course_length": "1", "course_start_date": "2022-02-21", "course_level": "A1", "course_cost_per_week": "275.00", "total_course_cost": "275.00", "course": "ge001", "course_friendly_name": "General English Full-Time", "course_timetable": "Mon-Fri, 9.00 - 14.00"}}, {"model": "booking_form.booking", "pk": 230, "fields": {"booking_number": "1D317A8E642C40F580232D86275DBE28", "user_profile": null, "full_name": "ssss", "email": "sss@ss.com", "phone_number": "ssss", "country": "AS", "nationality": "ss", "first_language": "ss", "age": "22", "date_booked": "2022-02-18", "course_length": "1", "course_start_date": "2022-02-21", "course_level": "A1", "course_cost_per_week": "275.00", "total_course_cost": "275.00", "course": "ge001", "course_friendly_name": "General English Full-Time", "course_timetable": "Mon-Fri, 9.00 - 14.00"}}, {"model": "booking_form.booking", "pk": 231, "fields": {"booking_number": "9B8AD910B897435284C6616C8C75C601", "user_profile": null, "full_name": "James Kelly", "email": "jameskelly33@gmail.com", "phone_number": "0894792094", "country": "IE", "nationality": "dfgd", "first_language": "English", "age": "22", "date_booked": "2022-02-18", "course_length": "1", "course_start_date": "2022-02-21", "course_level": "A2", "course_cost_per_week": "275.00", "total_course_cost": "275.00", "course": "ge001", "course_friendly_name": "General English Full-Time", "course_timetable": "Mon-Fri, 9.00 - 14.00"}}, {"model": "booking_form.booking", "pk": 232, "fields": {"booking_number": "54EEA6B3EDAA4DD3A9A3A7D7F8EE83D8", "user_profile": null, "full_name": "James Kelly", "email": "jameskelly33@gmail.com", "phone_number": "0894792094", "country": "IE", "nationality": "dfgd", "first_language": "English", "age": "22", "date_booked": "2022-02-19", "course_length": "1", "course_start_date": "2022-02-21", "course_level": "A1", "course_cost_per_week": "275.00", "total_course_cost": "275.00", "course": "ge001", "course_friendly_name": "General English Full-Time", "course_timetable": "Mon-Fri, 9.00 - 14.00"}}, {"model": "booking_form.booking", "pk": 233, "fields": {"booking_number": "CBBEAB5C590740B89CF11E4B0DA98952", "user_profile": null, "full_name": "James Kelly", "email": "jameskelly33@gmail.com", "phone_number": "0894792094", "country": "IE", "nationality": "dfgd", "first_language": "English", "age": "22", "date_booked": "2022-02-19", "course_length": "1", "course_start_date": "2022-02-21", "course_level": "A1", "course_cost_per_week": "275.00", "total_course_cost": "275.00", "course": "ge001", "course_friendly_name": "General English Full-Time", "course_timetable": "Mon-Fri, 9.00 - 14.00"}}, {"model": "booking_form.booking", "pk": 234, "fields": {"booking_number": "C0C0014FDDA64D9B8592A94199F0F293", "user_profile": null, "full_name": "James Kelly", "email": "jameskelly33@gmail.com", "phone_number": "0894792094", "country": "IE", "nationality": "cccc", "first_language": "ccc", "age": "22", "date_booked": "2022-02-19", "course_length": "6", "course_start_date": "2022-03-14", "course_level": "A1", "course_cost_per_week": "275.00", "total_course_cost": "1650.00", "course": "ge001", "course_friendly_name": "General English Full-Time", "course_timetable": "Mon-Fri, 9.00 - 14.00"}}, {"model": "booking_form.booking", "pk": 235, "fields": {"booking_number": "9C7B55E894924F45ABA5F53C97EB9504", "user_profile": null, "full_name": "bob", "email": "bob@gmail.com", "phone_number": "01982389479", "country": "IE", "nationality": "Irish", "first_language": "English", "age": "34", "date_booked": "2022-02-19", "course_length": "2", "course_start_date": "2022-02-21", "course_level": "A2H", "course_cost_per_week": "275.00", "total_course_cost": "550.00", "course": "ge001", "course_friendly_name": "General English Full-Time", "course_timetable": "Mon-Fri, 9.00 - 14.00"}}, {"model": "booking_form.booking", "pk": 236, "fields": {"booking_number": "68A74EC21F924A25BE58A5091259EA9C", "user_profile": null, "full_name": "James Kelly", "email": "jameskelly33@gmail.com", "phone_number": "0894792094", "country": "IE", "nationality": "dfgd", "first_language": "English", "age": "22", "date_booked": "2022-02-19", "course_length": "1", "course_start_date": "2022-02-21", "course_level": "A2H", "course_cost_per_week": "275.00", "total_course_cost": "275.00", "course": "ge001", "course_friendly_name": "General English Full-Time", "course_timetable": "Mon-Fri, 9.00 - 14.00"}}, {"model": "booking_form.booking", "pk": 237, "fields": {"booking_number": "9C5CCFFB33B849F38A59E1D4EF5A6609", "user_profile": null, "full_name": "James Kelly", "email": "jameskelly33@gmail.com", "phone_number": "0894792094", "country": "IE", "nationality": "Irish", "first_language": "English", "age": "22", "date_booked": "2022-02-20", "course_length": "2", "course_start_date": "2022-02-21", "course_level": "A1", "course_cost_per_week": "275.00", "total_course_cost": "550.00", "course": "ge001", "course_friendly_name": "General English Full-Time", "course_timetable": "Mon-Fri, 9.00 - 14.00"}}, {"model": "booking_form.booking", "pk": 238, "fields": {"booking_number": "975A5DDF31BD4C82B42D3B420031997D", "user_profile": null, "full_name": "James Kelly", "email": "jameskelly33@gmail.com", "phone_number": "0894792094", "country": "IE", "nationality": "sdf", "first_language": "dsf", "age": "22", "date_booked": "2022-02-20", "course_length": "1", "course_start_date": "2022-02-21", "course_level": "A2", "course_cost_per_week": "275.00", "total_course_cost": "275.00", "course": "ge001", "course_friendly_name": "General English Full-Time", "course_timetable": "Mon-Fri, 9.00 - 14.00"}}, {"model": "profiles.userprofile", "pk": 1, "fields": {"user": 1, "default_name": "James", "default_email": "jameskelly33@gmail.com", "default_phone_number": "0894792094", "default_country": "IE", "default_nationality": "British", "default_first_language": "English", "default_age": "36", "default_current_english_level": "C1"}}, {"model": "profiles.userprofile", "pk": 2, "fields": {"user": 3, "default_name": null, "default_email": null, "default_phone_number": null, "default_country": null, "default_nationality": null, "default_first_language": null, "default_age": null, "default_current_english_level": null}}, {"model": "profiles.userprofile", "pk": 3, "fields": {"user": 4, "default_name": "Orfhlaith", "default_email": "orfhlaithfitzmaurice@gmail.com", "default_phone_number": "089479212", "default_country": "IE", "default_nationality": "Irish", "default_first_language": "English", "default_age": "35", "default_current_english_level": "C1"}}, {"model": "profiles.userprofile", "pk": 4, "fields": {"user": 5, "default_name": "Tony", "default_email": "tony@tony.gmail", "default_phone_number": "01513348758", "default_country": "UA", "default_nationality": "Uk", "default_first_language": "uk", "default_age": "23", "default_current_english_level": "A1"}}, {"model": "profiles.userprofile", "pk": 5, "fields": {"user": 6, "default_name": null, "default_email": null, "default_phone_number": null, "default_country": null, "default_nationality": null, "default_first_language": null, "default_age": null, "default_current_english_level": null}}]